Player,Market,Line,Over,Under,Game,Commence,PulledAt
Jalen Hurts,pass_att,31.5,-107,-119,Philadelphia Eagles @ Jacksonville Jaguars,2026-10-11T13:30:00Z,2026-10-08T19:13+00:00
Trevor Lawrence,pass_att,29.5,-118,-108,Philadelphia Eagles @ Jacksonville Jaguars,2026-10-11T13:30:00Z,2026-10-08T19:13+00:00
Trevor Lawrence,pass_cmps,19.5,-122,-105,Philadelphia Eagles @ Jacksonville Jaguars,2026-10-11T13:30:00Z,2026-10-08T19:13+00:00
Jalen Hurts,pass_cmps,18.5,-113,-113,Philadelphia Eagles @ Jacksonville Jaguars,2026-10-11T13:30:00Z,2026-10-08T19:13+00:00
Trevor Lawrence,pass_yds,227.5,-111,-113,Philadelphia Eagles @ Jacksonville Jaguars,2026-10-11T13:30:00Z,2026-10-08T19:13+00:00
Jalen Hurts,pass_yds,191.5,-111,-113,Philadelphia Eagles @ Jacksonville Jaguars,2026-10-11T13:30:00Z,2026-10-08T19:13+00:00
Parker Washington,rec_yds,62.5,-110,-114,Philadelphia Eagles @ Jacksonville Jaguars,2026-10-11T13:30:00Z,2026-10-08T19:13+00:00
Dontayvion Wicks,rec_yds,47.5,-110,-114,Philadelphia Eagles @ Jacksonville Jaguars,2026-10-11T13:30:00Z,2026-10-08T19:13+00:00
Jakobi Meyers,rec_yds,42.5,-113,-111,Philadelphia Eagles @ Jacksonville Jaguars,2026-10-11T13:30:00Z,2026-10-08T19:13+00:00
Brenton Strange,rec_yds,34.5,-111,-113,Philadelphia Eagles @ Jacksonville Jaguars,2026-10-11T13:30:00Z,2026-10-08T19:13+00:00
Makai Lemon,rec_yds,32.5,-113,-111,Philadelphia Eagles @ Jacksonville Jaguars,2026-10-11T13:30:00Z,2026-10-08T19:13+00:00
Brian Thomas Jr,rec_yds,24.5,-108,-116,Philadelphia Eagles @ Jacksonville Jaguars,2026-10-11T13:30:00Z,2026-10-08T19:13+00:00
Will Shipley,rec_yds,13.5,-116,-108,Philadelphia Eagles @ Jacksonville Jaguars,2026-10-11T13:30:00Z,2026-10-08T19:13+00:00
Josh Cameron,rec_yds,10.5,-113,-111,Philadelphia Eagles @ Jacksonville Jaguars,2026-10-11T13:30:00Z,2026-10-08T19:13+00:00
Bhayshul Tuten,rec_yds,9.5,-115,-109,Philadelphia Eagles @ Jacksonville Jaguars,2026-10-11T13:30:00Z,2026-10-08T19:13+00:00
Parker Washington,receptions,4.5,-129,101,Philadelphia Eagles @ Jacksonville Jaguars,2026-10-11T13:30:00Z,2026-10-08T19:13+00:00
Dontayvion Wicks,receptions,3.5,-141,110,Philadelphia Eagles @ Jacksonville Jaguars,2026-10-11T13:30:00Z,2026-10-08T19:13+00:00
Jakobi Meyers,receptions,3.5,-119,-107,Philadelphia Eagles @ Jacksonville Jaguars,2026-10-11T13:30:00Z,2026-10-08T19:13+00:00
Makai Lemon,receptions,3.5,-117,-109,Philadelphia Eagles @ Jacksonville Jaguars,2026-10-11T13:30:00Z,2026-10-08T19:13+00:00
Brenton Strange,receptions,3.5,107,-137,Philadelphia Eagles @ Jacksonville Jaguars,2026-10-11T13:30:00Z,2026-10-08T19:13+00:00
Will Shipley,receptions,2.5,-112,-114,Philadelphia Eagles @ Jacksonville Jaguars,2026-10-11T13:30:00Z,2026-10-08T19:13+00:00
Brian Thomas Jr,receptions,2.5,146,-188,Philadelphia Eagles @ Jacksonville Jaguars,2026-10-11T13:30:00Z,2026-10-08T19:13+00:00
Bhayshul Tuten,receptions,1.5,-107,-119,Philadelphia Eagles @ Jacksonville Jaguars,2026-10-11T13:30:00Z,2026-10-08T19:13+00:00
Josh Cameron,receptions,1.5,135,-172,Philadelphia Eagles @ Jacksonville Jaguars,2026-10-11T13:30:00Z,2026-10-08T19:13+00:00
Bhayshul Tuten,rush_att,14.5,-131,103,Philadelphia Eagles @ Jacksonville Jaguars,2026-10-11T13:30:00Z,2026-10-08T19:13+00:00
Chris Rodriguez Jr.,rush_att,6.5,-127,100,Philadelphia Eagles @ Jacksonville Jaguars,2026-10-11T13:30:00Z,2026-10-08T19:13+00:00
Jalen Hurts,rush_att,6.5,-105,-121,Philadelphia Eagles @ Jacksonville Jaguars,2026-10-11T13:30:00Z,2026-10-08T19:13+00:00
Trevor Lawrence,rush_att,3.5,-108,-118,Philadelphia Eagles @ Jacksonville Jaguars,2026-10-11T13:30:00Z,2026-10-08T19:13+00:00
Bhayshul Tuten,rush_yds,67.5,-110,-114,Philadelphia Eagles @ Jacksonville Jaguars,2026-10-11T13:30:00Z,2026-10-08T19:13+00:00
Will Shipley,rush_yds,36.5,-111,-113,Philadelphia Eagles @ Jacksonville Jaguars,2026-10-11T13:30:00Z,2026-10-08T19:13+00:00
Chris Rodriguez Jr.,rush_yds,28.5,-109,-115,Philadelphia Eagles @ Jacksonville Jaguars,2026-10-11T13:30:00Z,2026-10-08T19:13+00:00
Jalen Hurts,rush_yds,26.5,-113,-111,Philadelphia Eagles @ Jacksonville Jaguars,2026-10-11T13:30:00Z,2026-10-08T19:13+00:00
Trevor Lawrence,rush_yds,15.5,-109,-115,Philadelphia Eagles @ Jacksonville Jaguars,2026-10-11T13:30:00Z,2026-10-08T19:13+00:00
Jordan Love,pass_att,33.5,-112,-114,Chicago Bears @ Green Bay Packers,2026-10-11T17:00:00Z,2026-10-08T19:13+00:00
Tyson Bagent,pass_att,31.5,-108,-118,Chicago Bears @ Green Bay Packers,2026-10-11T17:00:00Z,2026-10-08T19:13+00:00
Jordan Love,pass_cmps,21.5,105,-134,Chicago Bears @ Green Bay Packers,2026-10-11T17:00:00Z,2026-10-08T19:13+00:00
Tyson Bagent,pass_cmps,20.5,-115,-111,Chicago Bears @ Green Bay Packers,2026-10-11T17:00:00Z,2026-10-08T19:13+00:00
Jordan Love,pass_yds,234.5,-113,-111,Chicago Bears @ Green Bay Packers,2026-10-11T17:00:00Z,2026-10-08T19:13+00:00
Tyson Bagent,pass_yds,218.5,-111,-113,Chicago Bears @ Green Bay Packers,2026-10-11T17:00:00Z,2026-10-08T19:13+00:00
Christian Watson,rec_yds,60.5,-110,-114,Chicago Bears @ Green Bay Packers,2026-10-11T17:00:00Z,2026-10-08T19:13+00:00
Matthew Golden,rec_yds,56.5,-111,-113,Chicago Bears @ Green Bay Packers,2026-10-11T17:00:00Z,2026-10-08T19:13+00:00
Tucker Kraft,rec_yds,49.5,-113,-111,Chicago Bears @ Green Bay Packers,2026-10-11T17:00:00Z,2026-10-08T19:13+00:00
Luther Burden III,rec_yds,48.5,-112,-112,Chicago Bears @ Green Bay Packers,2026-10-11T17:00:00Z,2026-10-08T19:13+00:00
Rome Odunze,rec_yds,40.5,-114,-110,Chicago Bears @ Green Bay Packers,2026-10-11T17:00:00Z,2026-10-08T19:13+00:00
Colston Loveland,rec_yds,37.5,-109,-115,Chicago Bears @ Green Bay Packers,2026-10-11T17:00:00Z,2026-10-08T19:13+00:00
Kalif Raymond,rec_yds,28.5,-114,-110,Chicago Bears @ Green Bay Packers,2026-10-11T17:00:00Z,2026-10-08T19:13+00:00
D'Andre Swift,rec_yds,14.5,-111,-113,Chicago Bears @ Green Bay Packers,2026-10-11T17:00:00Z,2026-10-08T19:13+00:00
MarShawn Lloyd,rec_yds,13.5,-114,-110,Chicago Bears @ Green Bay Packers,2026-10-11T17:00:00Z,2026-10-08T19:13+00:00
Skyy Moore,rec_yds,11.5,-118,-107,Chicago Bears @ Green Bay Packers,2026-10-11T17:00:00Z,2026-10-08T19:13+00:00
Luther Burden III,receptions,4.5,-122,-105,Chicago Bears @ Green Bay Packers,2026-10-11T17:00:00Z,2026-10-08T19:13+00:00
Matthew Golden,receptions,4.5,-110,-116,Chicago Bears @ Green Bay Packers,2026-10-11T17:00:00Z,2026-10-08T19:13+00:00
Tucker Kraft,receptions,4.5,101,-129,Chicago Bears @ Green Bay Packers,2026-10-11T17:00:00Z,2026-10-08T19:13+00:00
Christian Watson,receptions,4.5,115,-147,Chicago Bears @ Green Bay Packers,2026-10-11T17:00:00Z,2026-10-08T19:13+00:00
Colston Loveland,receptions,3.5,-156,122,Chicago Bears @ Green Bay Packers,2026-10-11T17:00:00Z,2026-10-08T19:13+00:00
Kalif Raymond,receptions,3.5,123,-157,Chicago Bears @ Green Bay Packers,2026-10-11T17:00:00Z,2026-10-08T19:13+00:00
Rome Odunze,receptions,3.5,127,-162,Chicago Bears @ Green Bay Packers,2026-10-11T17:00:00Z,2026-10-08T19:13+00:00
D'Andre Swift,receptions,2.5,140,-180,Chicago Bears @ Green Bay Packers,2026-10-11T17:00:00Z,2026-10-08T19:13+00:00
MarShawn Lloyd,receptions,2.5,140,-180,Chicago Bears @ Green Bay Packers,2026-10-11T17:00:00Z,2026-10-08T19:13+00:00
Skyy Moore,receptions,1.5,118,-151,Chicago Bears @ Green Bay Packers,2026-10-11T17:00:00Z,2026-10-08T19:13+00:00
D'Andre Swift,rush_att,13.5,-118,-108,Chicago Bears @ Green Bay Packers,2026-10-11T17:00:00Z,2026-10-08T19:13+00:00
Kyle Monangai,rush_att,11.5,-135,106,Chicago Bears @ Green Bay Packers,2026-10-11T17:00:00Z,2026-10-08T19:13+00:00
D'Andre Swift,rush_yds,60.5,-114,-110,Chicago Bears @ Green Bay Packers,2026-10-11T17:00:00Z,2026-10-08T19:13+00:00
Kyle Monangai,rush_yds,51.5,-110,-114,Chicago Bears @ Green Bay Packers,2026-10-11T17:00:00Z,2026-10-08T19:13+00:00
Kaleb Johnson,rush_yds,36.5,-112,-112,Chicago Bears @ Green Bay Packers,2026-10-11T17:00:00Z,2026-10-08T19:13+00:00
MarShawn Lloyd,rush_yds,27.5,-110,-114,Chicago Bears @ Green Bay Packers,2026-10-11T17:00:00Z,2026-10-08T19:13+00:00
Tyson Bagent,rush_yds,10.5,-119,-105,Chicago Bears @ Green Bay Packers,2026-10-11T17:00:00Z,2026-10-08T19:13+00:00
Jordan Love,rush_yds,6.5,-116,-108,Chicago Bears @ Green Bay Packers,2026-10-11T17:00:00Z,2026-10-08T19:13+00:00
Joe Burrow,pass_att,33.5,-102,-126,Cincinnati Bengals @ Miami Dolphins,2026-10-11T17:00:00Z,2026-10-08T19:13+00:00
Malik Willis,pass_att,28.5,-107,-119,Cincinnati Bengals @ Miami Dolphins,2026-10-11T17:00:00Z,2026-10-08T19:13+00:00
Joe Burrow,pass_cmps,23.5,-115,-111,Cincinnati Bengals @ Miami Dolphins,2026-10-11T17:00:00Z,2026-10-08T19:13+00:00
Malik Willis,pass_cmps,16.5,-119,-107,Cincinnati Bengals @ Miami Dolphins,2026-10-11T17:00:00Z,2026-10-08T19:13+00:00
Joe Burrow,pass_yds,240.5,-111,-113,Cincinnati Bengals @ Miami Dolphins,2026-10-11T17:00:00Z,2026-10-08T19:13+00:00
Malik Willis,pass_yds,191.5,-111,-113,Cincinnati Bengals @ Miami Dolphins,2026-10-11T17:00:00Z,2026-10-08T19:13+00:00
Malik Washington,rec_yds,42.5,-113,-111,Cincinnati Bengals @ Miami Dolphins,2026-10-11T17:00:00Z,2026-10-08T19:13+00:00
Greg Dulcich,rec_yds,26.5,-114,-110,Cincinnati Bengals @ Miami Dolphins,2026-10-11T17:00:00Z,2026-10-08T19:13+00:00
Ollie Gordon II,rec_yds,10.5,-115,-109,Cincinnati Bengals @ Miami Dolphins,2026-10-11T17:00:00Z,2026-10-08T19:13+00:00
Malik Washington,receptions,4.5,-109,-117,Cincinnati Bengals @ Miami Dolphins,2026-10-11T17:00:00Z,2026-10-08T19:13+00:00
Greg Dulcich,receptions,2.5,-157,123,Cincinnati Bengals @ Miami Dolphins,2026-10-11T17:00:00Z,2026-10-08T19:13+00:00
Ollie Gordon II,receptions,1.5,-173,135,Cincinnati Bengals @ Miami Dolphins,2026-10-11T17:00:00Z,2026-10-08T19:13+00:00
Chase Brown,rush_att,16.5,-120,-106,Cincinnati Bengals @ Miami Dolphins,2026-10-11T17:00:00Z,2026-10-08T19:13+00:00
Ollie Gordon II,rush_att,11.5,104,-133,Cincinnati Bengals @ Miami Dolphins,2026-10-11T17:00:00Z,2026-10-08T19:13+00:00
Chase Brown,rush_yds,66.5,-110,-115,Cincinnati Bengals @ Miami Dolphins,2026-10-11T17:00:00Z,2026-10-08T19:13+00:00
Ollie Gordon II,rush_yds,43.5,-112,-112,Cincinnati Bengals @ Miami Dolphins,2026-10-11T17:00:00Z,2026-10-08T19:13+00:00
Malik Willis,rush_yds,33.5,-112,-112,Cincinnati Bengals @ Miami Dolphins,2026-10-11T17:00:00Z,2026-10-08T19:13+00:00
Jaylen Wright,rush_yds,22.5,-112,-112,Cincinnati Bengals @ Miami Dolphins,2026-10-11T17:00:00Z,2026-10-08T19:13+00:00
Samaje Perine,rush_yds,14.5,-113,-111,Cincinnati Bengals @ Miami Dolphins,2026-10-11T17:00:00Z,2026-10-08T19:13+00:00
Joe Burrow,rush_yds,8.5,-114,-110,Cincinnati Bengals @ Miami Dolphins,2026-10-11T17:00:00Z,2026-10-08T19:13+00:00
Deshaun Watson,pass_att,31.5,-103,-124,Cleveland Browns @ New York Jets,2026-10-11T17:00:00Z,2026-10-08T19:13+00:00
Geno Smith,pass_att,31.5,101,-129,Cleveland Browns @ New York Jets,2026-10-11T17:00:00Z,2026-10-08T19:13+00:00
Geno Smith,pass_cmps,20.5,-106,-120,Cleveland Browns @ New York Jets,2026-10-11T17:00:00Z,2026-10-08T19:13+00:00
Deshaun Watson,pass_cmps,19.5,-119,-108,Cleveland Browns @ New York Jets,2026-10-11T17:00:00Z,2026-10-08T19:13+00:00
Geno Smith,pass_yds,207.5,-111,-113,Cleveland Browns @ New York Jets,2026-10-11T17:00:00Z,2026-10-08T19:13+00:00
Deshaun Watson,pass_yds,204.5,-112,-112,Cleveland Browns @ New York Jets,2026-10-11T17:00:00Z,2026-10-08T19:13+00:00
Garrett Wilson,rec_yds,69.5,-110,-114,Cleveland Browns @ New York Jets,2026-10-11T17:00:00Z,2026-10-08T19:13+00:00
Denzel Boston,rec_yds,47.5,-111,-113,Cleveland Browns @ New York Jets,2026-10-11T17:00:00Z,2026-10-08T19:13+00:00
KC Concepcion,rec_yds,40.5,-113,-111,Cleveland Browns @ New York Jets,2026-10-11T17:00:00Z,2026-10-08T19:13+00:00
Harold Fannin Jr.,rec_yds,36.5,-111,-113,Cleveland Browns @ New York Jets,2026-10-11T17:00:00Z,2026-10-08T19:13+00:00
Garrett Wilson,receptions,6.5,116,-148,Cleveland Browns @ New York Jets,2026-10-11T17:00:00Z,2026-10-08T19:13+00:00
KC Concepcion,receptions,4.5,115,-147,Cleveland Browns @ New York Jets,2026-10-11T17:00:00Z,2026-10-08T19:13+00:00
Harold Fannin Jr.,receptions,4.5,125,-160,Cleveland Browns @ New York Jets,2026-10-11T17:00:00Z,2026-10-08T19:13+00:00
Denzel Boston,receptions,3.5,124,-158,Cleveland Browns @ New York Jets,2026-10-11T17:00:00Z,2026-10-08T19:13+00:00
Braelon Allen,rush_att,17.5,-124,-103,Cleveland Browns @ New York Jets,2026-10-11T17:00:00Z,2026-10-08T19:13+00:00
Quinshon Judkins,rush_att,15.5,-127,-101,Cleveland Browns @ New York Jets,2026-10-11T17:00:00Z,2026-10-08T19:13+00:00
Deshaun Watson,rush_att,5.5,-133,105,Cleveland Browns @ New York Jets,2026-10-11T17:00:00Z,2026-10-08T19:13+00:00
Braelon Allen,rush_yds,73.5,-111,-113,Cleveland Browns @ New York Jets,2026-10-11T17:00:00Z,2026-10-08T19:13+00:00
Quinshon Judkins,rush_yds,58.5,-112,-112,Cleveland Browns @ New York Jets,2026-10-11T17:00:00Z,2026-10-08T19:13+00:00
Deshaun Watson,rush_yds,25.5,-112,-112,Cleveland Browns @ New York Jets,2026-10-11T17:00:00Z,2026-10-08T19:13+00:00
Isaiah Davis,rush_yds,11.5,-115,-109,Cleveland Browns @ New York Jets,2026-10-11T17:00:00Z,2026-10-08T19:13+00:00
Geno Smith,rush_yds,10.5,-106,-118,Cleveland Browns @ New York Jets,2026-10-11T17:00:00Z,2026-10-08T19:13+00:00
Cam Ward,pass_att,31.5,-119,-107,Houston Texans @ Tennessee Titans,2026-10-11T17:00:00Z,2026-10-08T19:13+00:00
C.J. Stroud,pass_att,31.5,-110,-116,Houston Texans @ Tennessee Titans,2026-10-11T17:00:00Z,2026-10-08T19:13+00:00
C.J. Stroud,pass_cmps,21.5,-120,-106,Houston Texans @ Tennessee Titans,2026-10-11T17:00:00Z,2026-10-08T19:13+00:00
Cam Ward,pass_cmps,19.5,-118,-108,Houston Texans @ Tennessee Titans,2026-10-11T17:00:00Z,2026-10-08T19:13+00:00
C.J. Stroud,pass_yds,245.5,-111,-113,Houston Texans @ Tennessee Titans,2026-10-11T17:00:00Z,2026-10-08T19:13+00:00
Cam Ward,pass_yds,194.5,-113,-111,Houston Texans @ Tennessee Titans,2026-10-11T17:00:00Z,2026-10-08T19:13+00:00
Nico Collins,rec_yds,81.5,-111,-113,Houston Texans @ Tennessee Titans,2026-10-11T17:00:00Z,2026-10-08T19:13+00:00
Carnell Tate,rec_yds,49.5,-113,-111,Houston Texans @ Tennessee Titans,2026-10-11T17:00:00Z,2026-10-08T19:13+00:00
Dalton Schultz,rec_yds,37.5,-113,-111,Houston Texans @ Tennessee Titans,2026-10-11T17:00:00Z,2026-10-08T19:13+00:00
Wan'Dale Robinson,rec_yds,32.5,-116,-108,Houston Texans @ Tennessee Titans,2026-10-11T17:00:00Z,2026-10-08T19:13+00:00
Kayshon Boutte,rec_yds,26.5,-109,-115,Houston Texans @ Tennessee Titans,2026-10-11T17:00:00Z,2026-10-08T19:13+00:00
Gunnar Helm,rec_yds,18.5,-109,-115,Houston Texans @ Tennessee Titans,2026-10-11T17:00:00Z,2026-10-08T19:13+00:00
Jaylin Noel,rec_yds,18.5,-108,-116,Houston Texans @ Tennessee Titans,2026-10-11T17:00:00Z,2026-10-08T19:13+00:00
Elic Ayomanor,rec_yds,16.5,-109,-115,Houston Texans @ Tennessee Titans,2026-10-11T17:00:00Z,2026-10-08T19:13+00:00
Xavier Hutchinson,rec_yds,14.5,-111,-113,Houston Texans @ Tennessee Titans,2026-10-11T17:00:00Z,2026-10-08T19:13+00:00
Tyjae Spears,rec_yds,10.5,-111,-113,Houston Texans @ Tennessee Titans,2026-10-11T17:00:00Z,2026-10-08T19:13+00:00
Calvin Ridley,rec_yds,9.5,-113,-111,Houston Texans @ Tennessee Titans,2026-10-11T17:00:00Z,2026-10-08T19:13+00:00
Woody Marks,rec_yds,8.5,-115,-109,Houston Texans @ Tennessee Titans,2026-10-11T17:00:00Z,2026-10-08T19:13+00:00
Tony Pollard,rec_yds,8.5,-114,-110,Houston Texans @ Tennessee Titans,2026-10-11T17:00:00Z,2026-10-08T19:13+00:00
David Montgomery,rec_yds,7.5,-109,-115,Houston Texans @ Tennessee Titans,2026-10-11T17:00:00Z,2026-10-08T19:13+00:00
Nico Collins,receptions,5.5,-119,-107,Houston Texans @ Tennessee Titans,2026-10-11T17:00:00Z,2026-10-08T19:13+00:00
Carnell Tate,receptions,4.5,-133,104,Houston Texans @ Tennessee Titans,2026-10-11T17:00:00Z,2026-10-08T19:13+00:00
Dalton Schultz,receptions,4.5,109,-138,Houston Texans @ Tennessee Titans,2026-10-11T17:00:00Z,2026-10-08T19:13+00:00
Wan'Dale Robinson,receptions,3.5,-141,110,Houston Texans @ Tennessee Titans,2026-10-11T17:00:00Z,2026-10-08T19:13+00:00
Gunnar Helm,receptions,2.5,-116,-110,Houston Texans @ Tennessee Titans,2026-10-11T17:00:00Z,2026-10-08T19:13+00:00
Kayshon Boutte,receptions,2.5,110,-140,Houston Texans @ Tennessee Titans,2026-10-11T17:00:00Z,2026-10-08T19:13+00:00
Tyjae Spears,receptions,1.5,-183,143,Houston Texans @ Tennessee Titans,2026-10-11T17:00:00Z,2026-10-08T19:13+00:00
Jaylin Noel,receptions,1.5,-147,116,Houston Texans @ Tennessee Titans,2026-10-11T17:00:00Z,2026-10-08T19:13+00:00
Tony Pollard,receptions,1.5,-133,104,Houston Texans @ Tennessee Titans,2026-10-11T17:00:00Z,2026-10-08T19:13+00:00
Woody Marks,receptions,1.5,-119,-107,Houston Texans @ Tennessee Titans,2026-10-11T17:00:00Z,2026-10-08T19:13+00:00
Elic Ayomanor,receptions,1.5,-108,-119,Houston Texans @ Tennessee Titans,2026-10-11T17:00:00Z,2026-10-08T19:13+00:00
Xavier Hutchinson,receptions,1.5,105,-134,Houston Texans @ Tennessee Titans,2026-10-11T17:00:00Z,2026-10-08T19:13+00:00
David Montgomery,receptions,1.5,119,-153,Houston Texans @ Tennessee Titans,2026-10-11T17:00:00Z,2026-10-08T19:13+00:00
Calvin Ridley,receptions,0.5,-198,154,Houston Texans @ Tennessee Titans,2026-10-11T17:00:00Z,2026-10-08T19:13+00:00
David Montgomery,rush_att,15.5,-103,-124,Houston Texans @ Tennessee Titans,2026-10-11T17:00:00Z,2026-10-08T19:13+00:00
Tony Pollard,rush_att,14.5,102,-130,Houston Texans @ Tennessee Titans,2026-10-11T17:00:00Z,2026-10-08T19:13+00:00
Woody Marks,rush_att,8.5,-108,-118,Houston Texans @ Tennessee Titans,2026-10-11T17:00:00Z,2026-10-08T19:13+00:00
Tony Pollard,rush_yds,49.5,-114,-110,Houston Texans @ Tennessee Titans,2026-10-11T17:00:00Z,2026-10-08T19:13+00:00
David Montgomery,rush_yds,48.5,-111,-113,Houston Texans @ Tennessee Titans,2026-10-11T17:00:00Z,2026-10-08T19:13+00:00
Woody Marks,rush_yds,29.5,-107,-117,Houston Texans @ Tennessee Titans,2026-10-11T17:00:00Z,2026-10-08T19:13+00:00
Tyjae Spears,rush_yds,13.5,-112,-112,Houston Texans @ Tennessee Titans,2026-10-11T17:00:00Z,2026-10-08T19:13+00:00
Cam Ward,rush_yds,10.5,-120,-105,Houston Texans @ Tennessee Titans,2026-10-11T17:00:00Z,2026-10-08T19:13+00:00
C.J. Stroud,rush_yds,10.5,-107,-118,Houston Texans @ Tennessee Titans,2026-10-11T17:00:00Z,2026-10-08T19:13+00:00
Aaron Rodgers,pass_att,34.5,-122,-104,Indianapolis Colts @ Pittsburgh Steelers,2026-10-11T17:00:00Z,2026-10-08T19:13+00:00
Daniel Jones,pass_att,31.5,-123,-104,Indianapolis Colts @ Pittsburgh Steelers,2026-10-11T17:00:00Z,2026-10-08T19:13+00:00
Aaron Rodgers,pass_cmps,21.5,-115,-111,Indianapolis Colts @ Pittsburgh Steelers,2026-10-11T17:00:00Z,2026-10-08T19:13+00:00
Daniel Jones,pass_cmps,19.5,-120,-106,Indianapolis Colts @ Pittsburgh Steelers,2026-10-11T17:00:00Z,2026-10-08T19:13+00:00
Aaron Rodgers,pass_yds,220.5,-112,-111,Indianapolis Colts @ Pittsburgh Steelers,2026-10-11T17:00:00Z,2026-10-08T19:13+00:00
Daniel Jones,pass_yds,211.5,-112,-112,Indianapolis Colts @ Pittsburgh Steelers,2026-10-11T17:00:00Z,2026-10-08T19:13+00:00
Josh Downs,rec_yds,57.5,-113,-111,Indianapolis Colts @ Pittsburgh Steelers,2026-10-11T17:00:00Z,2026-10-08T19:13+00:00
DK Metcalf,rec_yds,53.5,-112,-112,Indianapolis Colts @ Pittsburgh Steelers,2026-10-11T17:00:00Z,2026-10-08T19:13+00:00
Tyler Warren,rec_yds,47.5,-115,-109,Indianapolis Colts @ Pittsburgh Steelers,2026-10-11T17:00:00Z,2026-10-08T19:13+00:00
Roman Wilson,rec_yds,41.5,-111,-113,Indianapolis Colts @ Pittsburgh Steelers,2026-10-11T17:00:00Z,2026-10-08T19:13+00:00
Keenan Allen,rec_yds,27.5,-112,-112,Indianapolis Colts @ Pittsburgh Steelers,2026-10-11T17:00:00Z,2026-10-08T19:13+00:00
Pat Freiermuth,rec_yds,27.5,-110,-114,Indianapolis Colts @ Pittsburgh Steelers,2026-10-11T17:00:00Z,2026-10-08T19:13+00:00
Darnell Washington,rec_yds,22.5,-110,-114,Indianapolis Colts @ Pittsburgh Steelers,2026-10-11T17:00:00Z,2026-10-08T19:13+00:00
Germie Bernard,rec_yds,18.5,-113,-111,Indianapolis Colts @ Pittsburgh Steelers,2026-10-11T17:00:00Z,2026-10-08T19:13+00:00
Jonathan Taylor,rec_yds,16.5,-107,-117,Indianapolis Colts @ Pittsburgh Steelers,2026-10-11T17:00:00Z,2026-10-08T19:13+00:00
Tyler Warren,receptions,5.5,107,-137,Indianapolis Colts @ Pittsburgh Steelers,2026-10-11T17:00:00Z,2026-10-08T19:13+00:00
Josh Downs,receptions,4.5,-156,122,Indianapolis Colts @ Pittsburgh Steelers,2026-10-11T17:00:00Z,2026-10-08T19:13+00:00
DK Metcalf,receptions,4.5,111,-142,Indianapolis Colts @ Pittsburgh Steelers,2026-10-11T17:00:00Z,2026-10-08T19:13+00:00
Roman Wilson,receptions,3.5,103,-131,Indianapolis Colts @ Pittsburgh Steelers,2026-10-11T17:00:00Z,2026-10-08T19:13+00:00
Pat Freiermuth,receptions,3.5,112,-143,Indianapolis Colts @ Pittsburgh Steelers,2026-10-11T17:00:00Z,2026-10-08T19:13+00:00
Keenan Allen,receptions,3.5,132,-169,Indianapolis Colts @ Pittsburgh Steelers,2026-10-11T17:00:00Z,2026-10-08T19:13+00:00
Jonathan Taylor,receptions,2.5,-117,-109,Indianapolis Colts @ Pittsburgh Steelers,2026-10-11T17:00:00Z,2026-10-08T19:13+00:00
Darnell Washington,receptions,2.5,126,-162,Indianapolis Colts @ Pittsburgh Steelers,2026-10-11T17:00:00Z,2026-10-08T19:13+00:00
Germie Bernard,receptions,2.5,135,-173,Indianapolis Colts @ Pittsburgh Steelers,2026-10-11T17:00:00Z,2026-10-08T19:13+00:00
Jonathan Taylor,rush_att,19.5,-111,-115,Indianapolis Colts @ Pittsburgh Steelers,2026-10-11T17:00:00Z,2026-10-08T19:13+00:00
Jonathan Taylor,rush_yds,85.5,-112,-112,Indianapolis Colts @ Pittsburgh Steelers,2026-10-11T17:00:00Z,2026-10-08T19:13+00:00
Daniel Jones,rush_yds,10.5,-104,-120,Indianapolis Colts @ Pittsburgh Steelers,2026-10-11T17:00:00Z,2026-10-08T19:13+00:00
Kirk Cousins,pass_att,33.5,-114,-112,Las Vegas Raiders @ New England Patriots,2026-10-11T17:00:00Z,2026-10-08T19:13+00:00
Drake Maye,pass_att,29.5,-118,-108,Las Vegas Raiders @ New England Patriots,2026-10-11T17:00:00Z,2026-10-08T19:13+00:00
Kirk Cousins,pass_cmps,21.5,-128,100,Las Vegas Raiders @ New England Patriots,2026-10-11T17:00:00Z,2026-10-08T19:13+00:00
Drake Maye,pass_cmps,19.5,-113,-113,Las Vegas Raiders @ New England Patriots,2026-10-11T17:00:00Z,2026-10-08T19:13+00:00
Kirk Cousins,pass_yds,232.5,-111,-113,Las Vegas Raiders @ New England Patriots,2026-10-11T17:00:00Z,2026-10-08T19:13+00:00
Drake Maye,pass_yds,230.5,-111,-113,Las Vegas Raiders @ New England Patriots,2026-10-11T17:00:00Z,2026-10-08T19:13+00:00
Brock Bowers,rec_yds,72.5,-110,-114,Las Vegas Raiders @ New England Patriots,2026-10-11T17:00:00Z,2026-10-08T19:13+00:00
Romeo Doubs,rec_yds,52.5,-114,-110,Las Vegas Raiders @ New England Patriots,2026-10-11T17:00:00Z,2026-10-08T19:13+00:00
Tre Tucker,rec_yds,38.5,-110,-115,Las Vegas Raiders @ New England Patriots,2026-10-11T17:00:00Z,2026-10-08T19:13+00:00
Hunter Henry,rec_yds,37.5,-110,-114,Las Vegas Raiders @ New England Patriots,2026-10-11T17:00:00Z,2026-10-08T19:13+00:00
Michael Mayer,rec_yds,30.5,-112,-112,Las Vegas Raiders @ New England Patriots,2026-10-11T17:00:00Z,2026-10-08T19:13+00:00
Ashton Jeanty,rec_yds,24.5,-112,-112,Las Vegas Raiders @ New England Patriots,2026-10-11T17:00:00Z,2026-10-08T19:13+00:00
DeMario Douglas,rec_yds,24.5,-108,-116,Las Vegas Raiders @ New England Patriots,2026-10-11T17:00:00Z,2026-10-08T19:13+00:00
Cody White,rec_yds,16.5,-110,-114,Las Vegas Raiders @ New England Patriots,2026-10-11T17:00:00Z,2026-10-08T19:13+00:00
Brock Bowers,receptions,6.5,-124,-103,Las Vegas Raiders @ New England Patriots,2026-10-11T17:00:00Z,2026-10-08T19:13+00:00
Romeo Doubs,receptions,3.5,-155,121,Las Vegas Raiders @ New England Patriots,2026-10-11T17:00:00Z,2026-10-08T19:13+00:00
Michael Mayer,receptions,3.5,-125,-102,Las Vegas Raiders @ New England Patriots,2026-10-11T17:00:00Z,2026-10-08T19:13+00:00
Ashton Jeanty,receptions,3.5,-122,-105,Las Vegas Raiders @ New England Patriots,2026-10-11T17:00:00Z,2026-10-08T19:13+00:00
Hunter Henry,receptions,3.5,-122,-105,Las Vegas Raiders @ New England Patriots,2026-10-11T17:00:00Z,2026-10-08T19:13+00:00
Tre Tucker,receptions,3.5,111,-142,Las Vegas Raiders @ New England Patriots,2026-10-11T17:00:00Z,2026-10-08T19:13+00:00
DeMario Douglas,receptions,2.5,-111,-115,Las Vegas Raiders @ New England Patriots,2026-10-11T17:00:00Z,2026-10-08T19:13+00:00
Cody White,receptions,1.5,-121,-106,Las Vegas Raiders @ New England Patriots,2026-10-11T17:00:00Z,2026-10-08T19:13+00:00
Ashton Jeanty,rush_att,16.5,-132,103,Las Vegas Raiders @ New England Patriots,2026-10-11T17:00:00Z,2026-10-08T19:13+00:00
Ashton Jeanty,rush_yds,59.5,-110,-114,Las Vegas Raiders @ New England Patriots,2026-10-11T17:00:00Z,2026-10-08T19:13+00:00
Drake Maye,rush_yds,31.5,-111,-113,Las Vegas Raiders @ New England Patriots,2026-10-11T17:00:00Z,2026-10-08T19:13+00:00
Mike Washington Jr.,rush_yds,24.5,-112,-112,Las Vegas Raiders @ New England Patriots,2026-10-11T17:00:00Z,2026-10-08T19:13+00:00
Kirk Cousins,rush_yds,0.5,-106,-118,Las Vegas Raiders @ New England Patriots,2026-10-11T17:00:00Z,2026-10-08T19:13+00:00
Tyler Shough,pass_att,35.5,-126,-101,Minnesota Vikings @ New Orleans Saints,2026-10-11T17:00:00Z,2026-10-08T19:13+00:00
Kyler Murray,pass_att,31.5,-116,-110,Minnesota Vikings @ New Orleans Saints,2026-10-11T17:00:00Z,2026-10-08T19:13+00:00
Tyler Shough,pass_cmps,23.5,102,-130,Minnesota Vikings @ New Orleans Saints,2026-10-11T17:00:00Z,2026-10-08T19:13+00:00
Kyler Murray,pass_cmps,20.5,-118,-108,Minnesota Vikings @ New Orleans Saints,2026-10-11T17:00:00Z,2026-10-08T19:13+00:00
Tyler Shough,pass_yds,237.5,-111,-113,Minnesota Vikings @ New Orleans Saints,2026-10-11T17:00:00Z,2026-10-08T19:13+00:00
Kyler Murray,pass_yds,214.5,-111,-113,Minnesota Vikings @ New Orleans Saints,2026-10-11T17:00:00Z,2026-10-08T19:13+00:00
Chris Olave,rec_yds,80.5,-110,-114,Minnesota Vikings @ New Orleans Saints,2026-10-11T17:00:00Z,2026-10-08T19:13+00:00
Juwan Johnson,rec_yds,43.5,-114,-110,Minnesota Vikings @ New Orleans Saints,2026-10-11T17:00:00Z,2026-10-08T19:13+00:00
Devaughn Vele,rec_yds,35.5,-112,-112,Minnesota Vikings @ New Orleans Saints,2026-10-11T17:00:00Z,2026-10-08T19:13+00:00
Aaron Jones,rec_yds,18.5,-116,-108,Minnesota Vikings @ New Orleans Saints,2026-10-11T17:00:00Z,2026-10-08T19:13+00:00
Chris Olave,receptions,6.5,104,-133,Minnesota Vikings @ New Orleans Saints,2026-10-11T17:00:00Z,2026-10-08T19:13+00:00
Juwan Johnson,receptions,4.5,103,-131,Minnesota Vikings @ New Orleans Saints,2026-10-11T17:00:00Z,2026-10-08T19:13+00:00
Devaughn Vele,receptions,3.5,-132,103,Minnesota Vikings @ New Orleans Saints,2026-10-11T17:00:00Z,2026-10-08T19:13+00:00
Aaron Jones,receptions,3.5,131,-168,Minnesota Vikings @ New Orleans Saints,2026-10-11T17:00:00Z,2026-10-08T19:13+00:00
Aaron Jones,rush_att,16.5,-129,101,Minnesota Vikings @ New Orleans Saints,2026-10-11T17:00:00Z,2026-10-08T19:13+00:00
Aaron Jones,rush_yds,73.5,-111,-113,Minnesota Vikings @ New Orleans Saints,2026-10-11T17:00:00Z,2026-10-08T19:13+00:00
Kyler Murray,rush_yds,17.5,-114,-110,Minnesota Vikings @ New Orleans Saints,2026-10-11T17:00:00Z,2026-10-08T19:13+00:00
Tyler Shough,rush_yds,10.5,-104,-120,Minnesota Vikings @ New Orleans Saints,2026-10-11T17:00:00Z,2026-10-08T19:13+00:00
Jameis Winston,pass_att,31.5,-103,-124,New York Giants @ Washington Commanders,2026-10-11T17:00:00Z,2026-10-08T19:13+00:00
Jayden Daniels,pass_att,29.5,-119,-107,New York Giants @ Washington Commanders,2026-10-11T17:00:00Z,2026-10-08T19:13+00:00
Jameis Winston,pass_cmps,18.5,-109,-117,New York Giants @ Washington Commanders,2026-10-11T17:00:00Z,2026-10-08T19:13+00:00
Jayden Daniels,pass_cmps,17.5,-130,102,New York Giants @ Washington Commanders,2026-10-11T17:00:00Z,2026-10-08T19:13+00:00
Jameis Winston,pass_yds,199.5,-111,-113,New York Giants @ Washington Commanders,2026-10-11T17:00:00Z,2026-10-08T19:13+00:00
Jayden Daniels,pass_yds,198.5,-112,-112,New York Giants @ Washington Commanders,2026-10-11T17:00:00Z,2026-10-08T19:13+00:00
Malik Nabers,rec_yds,55.5,-111,-113,New York Giants @ Washington Commanders,2026-10-11T17:00:00Z,2026-10-08T19:13+00:00
Isaiah Likely,rec_yds,41.5,-111,-113,New York Giants @ Washington Commanders,2026-10-11T17:00:00Z,2026-10-08T19:13+00:00
Malachi Fields,rec_yds,27.5,-110,-114,New York Giants @ Washington Commanders,2026-10-11T17:00:00Z,2026-10-08T19:13+00:00
Darnell Mooney,rec_yds,18.5,-109,-115,New York Giants @ Washington Commanders,2026-10-11T17:00:00Z,2026-10-08T19:13+00:00
Cam Skattebo,rec_yds,13.5,-111,-113,New York Giants @ Washington Commanders,2026-10-11T17:00:00Z,2026-10-08T19:13+00:00
Malik Nabers,receptions,4.5,-153,120,New York Giants @ Washington Commanders,2026-10-11T17:00:00Z,2026-10-08T19:13+00:00
Isaiah Likely,receptions,4.5,101,-129,New York Giants @ Washington Commanders,2026-10-11T17:00:00Z,2026-10-08T19:13+00:00
Cam Skattebo,receptions,2.5,128,-164,New York Giants @ Washington Commanders,2026-10-11T17:00:00Z,2026-10-08T19:13+00:00
Malachi Fields,receptions,2.5,132,-169,New York Giants @ Washington Commanders,2026-10-11T17:00:00Z,2026-10-08T19:13+00:00
Darnell Mooney,receptions,1.5,-116,-110,New York Giants @ Washington Commanders,2026-10-11T17:00:00Z,2026-10-08T19:13+00:00
Cam Skattebo,rush_att,15.5,-121,-106,New York Giants @ Washington Commanders,2026-10-11T17:00:00Z,2026-10-08T19:13+00:00
Jacory Croskey-Merritt,rush_att,13.5,-118,-108,New York Giants @ Washington Commanders,2026-10-11T17:00:00Z,2026-10-08T19:13+00:00
Jayden Daniels,rush_att,6.5,-102,-125,New York Giants @ Washington Commanders,2026-10-11T17:00:00Z,2026-10-08T19:13+00:00
Jacory Croskey-Merritt,rush_yds,56.5,-113,-111,New York Giants @ Washington Commanders,2026-10-11T17:00:00Z,2026-10-08T19:13+00:00
Cam Skattebo,rush_yds,56.5,-112,-112,New York Giants @ Washington Commanders,2026-10-11T17:00:00Z,2026-10-08T19:13+00:00
Jayden Daniels,rush_yds,30.5,-113,-111,New York Giants @ Washington Commanders,2026-10-11T17:00:00Z,2026-10-08T19:13+00:00
Najee Harris,rush_yds,29.5,-112,-112,New York Giants @ Washington Commanders,2026-10-11T17:00:00Z,2026-10-08T19:13+00:00
Jameis Winston,rush_yds,2.5,-108,-116,New York Giants @ Washington Commanders,2026-10-11T17:00:00Z,2026-10-08T19:13+00:00
Bo Nix,pass_att,33.5,-110,-116,Denver Broncos @ Los Angeles Chargers,2026-10-11T20:05:00Z,2026-10-08T19:13+00:00
Justin Herbert,pass_att,30.5,-103,-124,Denver Broncos @ Los Angeles Chargers,2026-10-11T20:05:00Z,2026-10-08T19:13+00:00
Bo Nix,pass_cmps,21.5,-108,-118,Denver Broncos @ Los Angeles Chargers,2026-10-11T20:05:00Z,2026-10-08T19:13+00:00
Justin Herbert,pass_cmps,18.5,-110,-116,Denver Broncos @ Los Angeles Chargers,2026-10-11T20:05:00Z,2026-10-08T19:13+00:00
Bo Nix,pass_yds,220.5,-111,-113,Denver Broncos @ Los Angeles Chargers,2026-10-11T20:05:00Z,2026-10-08T19:13+00:00
Justin Herbert,pass_yds,199.5,-113,-111,Denver Broncos @ Los Angeles Chargers,2026-10-11T20:05:00Z,2026-10-08T19:13+00:00
Jaylen Waddle,rec_yds,53.5,-111,-113,Denver Broncos @ Los Angeles Chargers,2026-10-11T20:05:00Z,2026-10-08T19:13+00:00
Courtland Sutton,rec_yds,36.5,-113,-111,Denver Broncos @ Los Angeles Chargers,2026-10-11T20:05:00Z,2026-10-08T19:13+00:00
RJ Harvey,rec_yds,26.5,-116,-108,Denver Broncos @ Los Angeles Chargers,2026-10-11T20:05:00Z,2026-10-08T19:13+00:00
Troy Franklin,rec_yds,19.5,-110,-114,Denver Broncos @ Los Angeles Chargers,2026-10-11T20:05:00Z,2026-10-08T19:13+00:00
Evan Engram,rec_yds,16.5,-116,-108,Denver Broncos @ Los Angeles Chargers,2026-10-11T20:05:00Z,2026-10-08T19:13+00:00
Marvin Mims Jr.,rec_yds,12.5,-107,-117,Denver Broncos @ Los Angeles Chargers,2026-10-11T20:05:00Z,2026-10-08T19:13+00:00
Jaylen Waddle,receptions,4.5,-106,-120,Denver Broncos @ Los Angeles Chargers,2026-10-11T20:05:00Z,2026-10-08T19:13+00:00
RJ Harvey,receptions,3.5,-166,130,Denver Broncos @ Los Angeles Chargers,2026-10-11T20:05:00Z,2026-10-08T19:13+00:00
Courtland Sutton,receptions,3.5,107,-137,Denver Broncos @ Los Angeles Chargers,2026-10-11T20:05:00Z,2026-10-08T19:13+00:00
Evan Engram,receptions,2.5,131,-168,Denver Broncos @ Los Angeles Chargers,2026-10-11T20:05:00Z,2026-10-08T19:13+00:00
Troy Franklin,receptions,1.5,-116,-110,Denver Broncos @ Los Angeles Chargers,2026-10-11T20:05:00Z,2026-10-08T19:13+00:00
Marvin Mims Jr.,receptions,1.5,116,-148,Denver Broncos @ Los Angeles Chargers,2026-10-11T20:05:00Z,2026-10-08T19:13+00:00
J.K. Dobbins,rush_att,13.5,-123,-104,Denver Broncos @ Los Angeles Chargers,2026-10-11T20:05:00Z,2026-10-08T19:13+00:00
Omarion Hampton,rush_att,10.5,-110,-116,Denver Broncos @ Los Angeles Chargers,2026-10-11T20:05:00Z,2026-10-08T19:13+00:00
Keaton Mitchell,rush_att,7.5,-124,-103,Denver Broncos @ Los Angeles Chargers,2026-10-11T20:05:00Z,2026-10-08T19:13+00:00
Bo Nix,rush_att,4.5,104,-132,Denver Broncos @ Los Angeles Chargers,2026-10-11T20:05:00Z,2026-10-08T19:13+00:00
J.K. Dobbins,rush_yds,51.5,-111,-113,Denver Broncos @ Los Angeles Chargers,2026-10-11T20:05:00Z,2026-10-08T19:13+00:00
Omarion Hampton,rush_yds,38.5,-112,-112,Denver Broncos @ Los Angeles Chargers,2026-10-11T20:05:00Z,2026-10-08T19:13+00:00
Keaton Mitchell,rush_yds,31.5,-113,-111,Denver Broncos @ Los Angeles Chargers,2026-10-11T20:05:00Z,2026-10-08T19:13+00:00
Justin Herbert,rush_yds,26.5,-111,-113,Denver Broncos @ Los Angeles Chargers,2026-10-11T20:05:00Z,2026-10-08T19:13+00:00
RJ Harvey,rush_yds,18.5,-113,-111,Denver Broncos @ Los Angeles Chargers,2026-10-11T20:05:00Z,2026-10-08T19:13+00:00
Bo Nix,rush_yds,14.5,-107,-117,Denver Broncos @ Los Angeles Chargers,2026-10-11T20:05:00Z,2026-10-08T19:13+00:00
Jacoby Brissett,pass_att,37.5,-124,-103,Detroit Lions @ Arizona Cardinals,2026-10-11T20:25:00Z,2026-10-08T19:13+00:00
Jared Goff,pass_att,34.5,-105,-121,Detroit Lions @ Arizona Cardinals,2026-10-11T20:25:00Z,2026-10-08T19:13+00:00
Jacoby Brissett,pass_cmps,25.5,-109,-117,Detroit Lions @ Arizona Cardinals,2026-10-11T20:25:00Z,2026-10-08T19:13+00:00
Jared Goff,pass_cmps,25.5,-106,-120,Detroit Lions @ Arizona Cardinals,2026-10-11T20:25:00Z,2026-10-08T19:13+00:00
Jared Goff,pass_yds,279.5,-112,-112,Detroit Lions @ Arizona Cardinals,2026-10-11T20:25:00Z,2026-10-08T19:13+00:00
Jacoby Brissett,pass_yds,269.5,-111,-113,Detroit Lions @ Arizona Cardinals,2026-10-11T20:25:00Z,2026-10-08T19:13+00:00
Trey McBride,rec_yds,81.5,-111,-113,Detroit Lions @ Arizona Cardinals,2026-10-11T20:25:00Z,2026-10-08T19:13+00:00
Amon-Ra St. Brown,rec_yds,80.5,-110,-114,Detroit Lions @ Arizona Cardinals,2026-10-11T20:25:00Z,2026-10-08T19:13+00:00
Michael Wilson,rec_yds,73.5,-112,-112,Detroit Lions @ Arizona Cardinals,2026-10-11T20:25:00Z,2026-10-08T19:13+00:00
Jameson Williams,rec_yds,53.5,-111,-113,Detroit Lions @ Arizona Cardinals,2026-10-11T20:25:00Z,2026-10-08T19:13+00:00
Sam LaPorta,rec_yds,51.5,-110,-115,Detroit Lions @ Arizona Cardinals,2026-10-11T20:25:00Z,2026-10-08T19:13+00:00
Jahmyr Gibbs,rec_yds,37.5,-112,-112,Detroit Lions @ Arizona Cardinals,2026-10-11T20:25:00Z,2026-10-08T19:13+00:00
Marvin Harrison Jr.,rec_yds,34.5,-111,-113,Detroit Lions @ Arizona Cardinals,2026-10-11T20:25:00Z,2026-10-08T19:13+00:00
Isaac TeSlaa,rec_yds,25.5,-112,-112,Detroit Lions @ Arizona Cardinals,2026-10-11T20:25:00Z,2026-10-08T19:13+00:00
Kendrick Bourne,rec_yds,24.5,-108,-116,Detroit Lions @ Arizona Cardinals,2026-10-11T20:25:00Z,2026-10-08T19:13+00:00
Tyler Allgeier,rec_yds,11.5,-117,-107,Detroit Lions @ Arizona Cardinals,2026-10-11T20:25:00Z,2026-10-08T19:13+00:00
Jeremiyah Love,rec_yds,11.5,-110,-114,Detroit Lions @ Arizona Cardinals,2026-10-11T20:25:00Z,2026-10-08T19:13+00:00
Trey McBride,receptions,7.5,-135,106,Detroit Lions @ Arizona Cardinals,2026-10-11T20:25:00Z,2026-10-08T19:13+00:00
Amon-Ra St. Brown,receptions,7.5,106,-135,Detroit Lions @ Arizona Cardinals,2026-10-11T20:25:00Z,2026-10-08T19:13+00:00
Michael Wilson,receptions,5.5,-140,110,Detroit Lions @ Arizona Cardinals,2026-10-11T20:25:00Z,2026-10-08T19:13+00:00
Sam LaPorta,receptions,4.5,-152,119,Detroit Lions @ Arizona Cardinals,2026-10-11T20:25:00Z,2026-10-08T19:13+00:00
Jahmyr Gibbs,receptions,4.5,-123,-103,Detroit Lions @ Arizona Cardinals,2026-10-11T20:25:00Z,2026-10-08T19:13+00:00
Jameson Williams,receptions,3.5,-132,104,Detroit Lions @ Arizona Cardinals,2026-10-11T20:25:00Z,2026-10-08T19:13+00:00
Marvin Harrison Jr.,receptions,2.5,-141,110,Detroit Lions @ Arizona Cardinals,2026-10-11T20:25:00Z,2026-10-08T19:13+00:00
Jeremiyah Love,receptions,2.5,102,-130,Detroit Lions @ Arizona Cardinals,2026-10-11T20:25:00Z,2026-10-08T19:13+00:00
Kendrick Bourne,receptions,2.5,107,-136,Detroit Lions @ Arizona Cardinals,2026-10-11T20:25:00Z,2026-10-08T19:13+00:00
Isaac TeSlaa,receptions,2.5,124,-158,Detroit Lions @ Arizona Cardinals,2026-10-11T20:25:00Z,2026-10-08T19:13+00:00
Tyler Allgeier,receptions,1.5,-167,131,Detroit Lions @ Arizona Cardinals,2026-10-11T20:25:00Z,2026-10-08T19:13+00:00
Jahmyr Gibbs,rush_att,19.5,-110,-116,Detroit Lions @ Arizona Cardinals,2026-10-11T20:25:00Z,2026-10-08T19:13+00:00
Jeremiyah Love,rush_att,12.5,100,-127,Detroit Lions @ Arizona Cardinals,2026-10-11T20:25:00Z,2026-10-08T19:13+00:00
Tyler Allgeier,rush_att,6.5,-117,-109,Detroit Lions @ Arizona Cardinals,2026-10-11T20:25:00Z,2026-10-08T19:13+00:00
Jahmyr Gibbs,rush_yds,93.5,-111,-112,Detroit Lions @ Arizona Cardinals,2026-10-11T20:25:00Z,2026-10-08T19:13+00:00
Jeremiyah Love,rush_yds,46.5,-112,-112,Detroit Lions @ Arizona Cardinals,2026-10-11T20:25:00Z,2026-10-08T19:13+00:00
Tyler Allgeier,rush_yds,25.5,-114,-110,Detroit Lions @ Arizona Cardinals,2026-10-11T20:25:00Z,2026-10-08T19:13+00:00
Jacoby Brissett,rush_yds,7.5,-111,-113,Detroit Lions @ Arizona Cardinals,2026-10-11T20:25:00Z,2026-10-08T19:13+00:00
Jared Goff,rush_yds,0.5,-117,-107,Detroit Lions @ Arizona Cardinals,2026-10-11T20:25:00Z,2026-10-08T19:13+00:00
Brock Purdy,pass_att,32.5,-109,-117,San Francisco 49ers @ Seattle Seahawks,2026-10-11T20:25:00Z,2026-10-08T19:13+00:00
Sam Darnold,pass_att,30.5,-121,-106,San Francisco 49ers @ Seattle Seahawks,2026-10-11T20:25:00Z,2026-10-08T19:13+00:00
Brock Purdy,pass_cmps,20.5,-116,-109,San Francisco 49ers @ Seattle Seahawks,2026-10-11T20:25:00Z,2026-10-08T19:13+00:00
Sam Darnold,pass_cmps,19.5,-131,103,San Francisco 49ers @ Seattle Seahawks,2026-10-11T20:25:00Z,2026-10-08T19:13+00:00
Brock Purdy,pass_yds,226.5,-112,-112,San Francisco 49ers @ Seattle Seahawks,2026-10-11T20:25:00Z,2026-10-08T19:13+00:00
Sam Darnold,pass_yds,225.5,-111,-113,San Francisco 49ers @ Seattle Seahawks,2026-10-11T20:25:00Z,2026-10-08T19:13+00:00
Jaxon Smith-Njigba,rec_yds,92.5,-113,-111,San Francisco 49ers @ Seattle Seahawks,2026-10-11T20:25:00Z,2026-10-08T19:13+00:00
George Kittle,rec_yds,53.5,-110,-114,San Francisco 49ers @ Seattle Seahawks,2026-10-11T20:25:00Z,2026-10-08T19:13+00:00
Mike Evans,rec_yds,48.5,-110,-114,San Francisco 49ers @ Seattle Seahawks,2026-10-11T20:25:00Z,2026-10-08T19:13+00:00
Christian McCaffrey,rec_yds,36.5,-111,-113,San Francisco 49ers @ Seattle Seahawks,2026-10-11T20:25:00Z,2026-10-08T19:13+00:00
Deebo Samuel,rec_yds,34.5,-108,-116,San Francisco 49ers @ Seattle Seahawks,2026-10-11T20:25:00Z,2026-10-08T19:13+00:00
Cooper Kupp,rec_yds,24.5,-110,-114,San Francisco 49ers @ Seattle Seahawks,2026-10-11T20:25:00Z,2026-10-08T19:13+00:00
AJ Barner,rec_yds,23.5,-110,-114,San Francisco 49ers @ Seattle Seahawks,2026-10-11T20:25:00Z,2026-10-08T19:13+00:00
Rashid Shaheed,rec_yds,20.5,-116,-108,San Francisco 49ers @ Seattle Seahawks,2026-10-11T20:25:00Z,2026-10-08T19:13+00:00
Tory Horton,rec_yds,9.5,-113,-111,San Francisco 49ers @ Seattle Seahawks,2026-10-11T20:25:00Z,2026-10-08T19:13+00:00
Emanuel Wilson,rec_yds,8.5,-116,-108,San Francisco 49ers @ Seattle Seahawks,2026-10-11T20:25:00Z,2026-10-08T19:13+00:00
George Holani,rec_yds,8.5,-116,-108,San Francisco 49ers @ Seattle Seahawks,2026-10-11T20:25:00Z,2026-10-08T19:13+00:00
Jaxon Smith-Njigba,receptions,6.5,-121,-105,San Francisco 49ers @ Seattle Seahawks,2026-10-11T20:25:00Z,2026-10-08T19:13+00:00
Christian McCaffrey,receptions,4.5,-128,101,San Francisco 49ers @ Seattle Seahawks,2026-10-11T20:25:00Z,2026-10-08T19:13+00:00
George Kittle,receptions,4.5,-114,-112,San Francisco 49ers @ Seattle Seahawks,2026-10-11T20:25:00Z,2026-10-08T19:13+00:00
Mike Evans,receptions,3.5,-156,122,San Francisco 49ers @ Seattle Seahawks,2026-10-11T20:25:00Z,2026-10-08T19:13+00:00
Deebo Samuel,receptions,3.5,-105,-121,San Francisco 49ers @ Seattle Seahawks,2026-10-11T20:25:00Z,2026-10-08T19:13+00:00
AJ Barner,receptions,2.5,-125,-102,San Francisco 49ers @ Seattle Seahawks,2026-10-11T20:25:00Z,2026-10-08T19:13+00:00
Cooper Kupp,receptions,2.5,107,-136,San Francisco 49ers @ Seattle Seahawks,2026-10-11T20:25:00Z,2026-10-08T19:13+00:00
Rashid Shaheed,receptions,1.5,-183,142,San Francisco 49ers @ Seattle Seahawks,2026-10-11T20:25:00Z,2026-10-08T19:13+00:00
Emanuel Wilson,receptions,1.5,-153,120,San Francisco 49ers @ Seattle Seahawks,2026-10-11T20:25:00Z,2026-10-08T19:13+00:00
George Holani,receptions,1.5,-149,117,San Francisco 49ers @ Seattle Seahawks,2026-10-11T20:25:00Z,2026-10-08T19:13+00:00
Tory Horton,receptions,1.5,153,-196,San Francisco 49ers @ Seattle Seahawks,2026-10-11T20:25:00Z,2026-10-08T19:13+00:00
Emanuel Wilson,rush_att,16.5,-121,-105,San Francisco 49ers @ Seattle Seahawks,2026-10-11T20:25:00Z,2026-10-08T19:13+00:00
Christian McCaffrey,rush_att,14.5,-115,-110,San Francisco 49ers @ Seattle Seahawks,2026-10-11T20:25:00Z,2026-10-08T19:13+00:00
Emanuel Wilson,rush_yds,60.5,-112,-112,San Francisco 49ers @ Seattle Seahawks,2026-10-11T20:25:00Z,2026-10-08T19:13+00:00
Christian McCaffrey,rush_yds,53.5,-114,-110,San Francisco 49ers @ Seattle Seahawks,2026-10-11T20:25:00Z,2026-10-08T19:13+00:00
George Holani,rush_yds,19.5,-113,-111,San Francisco 49ers @ Seattle Seahawks,2026-10-11T20:25:00Z,2026-10-08T19:13+00:00
Brock Purdy,rush_yds,19.5,-111,-113,San Francisco 49ers @ Seattle Seahawks,2026-10-11T20:25:00Z,2026-10-08T19:13+00:00
Kaelon Black,rush_yds,15.5,-112,-112,San Francisco 49ers @ Seattle Seahawks,2026-10-11T20:25:00Z,2026-10-08T19:13+00:00
Deebo Samuel,rush_yds,8.5,-114,-110,San Francisco 49ers @ Seattle Seahawks,2026-10-11T20:25:00Z,2026-10-08T19:13+00:00
Sam Darnold,rush_yds,4.5,-119,-105,San Francisco 49ers @ Seattle Seahawks,2026-10-11T20:25:00Z,2026-10-08T19:13+00:00
Michael Penix Jr.,pass_att,29.5,-112,-113,Baltimore Ravens @ Atlanta Falcons,2026-10-12T00:20:00Z,2026-10-08T19:13+00:00
Michael Penix Jr.,pass_cmps,18.5,102,-130,Baltimore Ravens @ Atlanta Falcons,2026-10-12T00:20:00Z,2026-10-08T19:13+00:00
Michael Penix Jr.,pass_yds,216.5,-112,-112,Baltimore Ravens @ Atlanta Falcons,2026-10-12T00:20:00Z,2026-10-08T19:13+00:00
Tyler Huntley,pass_yds,174.5,-111,-113,Baltimore Ravens @ Atlanta Falcons,2026-10-12T00:20:00Z,2026-10-08T19:13+00:00
Drake London,rec_yds,81.5,-112,-112,Baltimore Ravens @ Atlanta Falcons,2026-10-12T00:20:00Z,2026-10-08T19:13+00:00
Zay Flowers,rec_yds,69.5,-112,-112,Baltimore Ravens @ Atlanta Falcons,2026-10-12T00:20:00Z,2026-10-08T19:13+00:00
Mark Andrews,rec_yds,29.5,-114,-110,Baltimore Ravens @ Atlanta Falcons,2026-10-12T00:20:00Z,2026-10-08T19:13+00:00
Bijan Robinson,rec_yds,27.5,-112,-112,Baltimore Ravens @ Atlanta Falcons,2026-10-12T00:20:00Z,2026-10-08T19:13+00:00
Kyle Pitts,rec_yds,24.5,-110,-114,Baltimore Ravens @ Atlanta Falcons,2026-10-12T00:20:00Z,2026-10-08T19:13+00:00
Jahan Dotson,rec_yds,19.5,-110,-114,Baltimore Ravens @ Atlanta Falcons,2026-10-12T00:20:00Z,2026-10-08T19:13+00:00
Rashod Bateman,rec_yds,17.5,-112,-112,Baltimore Ravens @ Atlanta Falcons,2026-10-12T00:20:00Z,2026-10-08T19:13+00:00
Drake London,receptions,5.5,-138,108,Baltimore Ravens @ Atlanta Falcons,2026-10-12T00:20:00Z,2026-10-08T19:13+00:00
Zay Flowers,receptions,5.5,-101,-126,Baltimore Ravens @ Atlanta Falcons,2026-10-12T00:20:00Z,2026-10-08T19:13+00:00
Mark Andrews,receptions,3.5,-124,-102,Baltimore Ravens @ Atlanta Falcons,2026-10-12T00:20:00Z,2026-10-08T19:13+00:00
Bijan Robinson,receptions,3.5,-123,-104,Baltimore Ravens @ Atlanta Falcons,2026-10-12T00:20:00Z,2026-10-08T19:13+00:00
Kyle Pitts,receptions,2.5,116,-148,Baltimore Ravens @ Atlanta Falcons,2026-10-12T00:20:00Z,2026-10-08T19:13+00:00
Rashod Bateman,receptions,1.5,-147,115,Baltimore Ravens @ Atlanta Falcons,2026-10-12T00:20:00Z,2026-10-08T19:13+00:00
Jahan Dotson,receptions,1.5,-142,111,Baltimore Ravens @ Atlanta Falcons,2026-10-12T00:20:00Z,2026-10-08T19:13+00:00
Derrick Henry,rush_att,20.5,-114,-112,Baltimore Ravens @ Atlanta Falcons,2026-10-12T00:20:00Z,2026-10-08T19:13+00:00
Bijan Robinson,rush_att,18.5,-117,-109,Baltimore Ravens @ Atlanta Falcons,2026-10-12T00:20:00Z,2026-10-08T19:13+00:00
Brian Robinson Jr.,rush_att,9.5,110,-141,Baltimore Ravens @ Atlanta Falcons,2026-10-12T00:20:00Z,2026-10-08T19:13+00:00
Bijan Robinson,rush_yds,89.5,-114,-110,Baltimore Ravens @ Atlanta Falcons,2026-10-12T00:20:00Z,2026-10-08T19:13+00:00
Derrick Henry,rush_yds,85.5,-110,-114,Baltimore Ravens @ Atlanta Falcons,2026-10-12T00:20:00Z,2026-10-08T19:13+00:00
Brian Robinson Jr.,rush_yds,35.5,-108,-116,Baltimore Ravens @ Atlanta Falcons,2026-10-12T00:20:00Z,2026-10-08T19:13+00:00
Justice Hill,rush_yds,11.5,-118,-106,Baltimore Ravens @ Atlanta Falcons,2026-10-12T00:20:00Z,2026-10-08T19:13+00:00
Michael Penix Jr.,rush_yds,0.5,-108,-117,Baltimore Ravens @ Atlanta Falcons,2026-10-12T00:20:00Z,2026-10-08T19:13+00:00
