Player,Market,Projection,Floor7,L10_median,L10_mean,Games,Team2025,Matchup_Adj,Final
Jacoby Brissett,pass_att,40.0,31.0,40.0,40.4,20,ARI,1.0,40.0
Matthew Stafford,pass_att,38.0,28.0,35.5,35.5,33,LA,1.0,38.0
Bo Nix,pass_att,37.0,23.0,37.0,35.6,34,DEN,1.0,37.0
Dak Prescott,pass_att,37.0,11.0,36.5,34.1,25,DAL,1.0,37.0
Jared Goff,pass_att,37.0,26.0,37.0,37.5,34,DET,1.0,37.0
Joe Flacco,pass_att,37.0,1.0,36.5,32.6,19,CIN,1.0,37.0
Jameis Winston,pass_att,36.0,1.0,38.5,35.0,12,NYG,1.0,36.0
Joe Burrow,pass_att,36.0,13.0,37.5,35.4,25,CIN,1.0,36.0
Aaron Rodgers,pass_att,35.0,15.0,34.5,32.6,33,PIT,1.0,35.0
Aidan O'Connell,pass_att,34.0,10.0,28.0,26.5,10,LV,1.0,34.0
Caleb Williams,pass_att,34.0,28.0,34.5,34.5,34,CHI,1.0,34.0
Patrick Mahomes,pass_att,34.0,28.0,34.0,36.0,30,KC,1.0,34.0
Brady Cook,pass_att,33.0,22.0,33.0,30.6,5,NYJ,1.0,33.0
Brock Purdy,pass_att,32.0,26.0,32.5,31.9,24,SF,1.0,32.0
Kyler Murray,pass_att,32.0,25.0,33.5,34.4,22,ARI,1.0,32.0
Mac Jones,pass_att,32.0,24.0,35.5,34.3,18,SF,1.0,32.0
Michael Penix Jr.,pass_att,32.0,16.0,34.0,31.4,14,ATL,1.0,32.0
Tyler Shough,pass_att,32.0,20.0,31.0,32.5,11,NO,1.0,32.0
Kirk Cousins,pass_att,31.0,20.0,30.5,26.9,24,ATL,1.0,31.0
Russell Wilson,pass_att,31.0,1.0,31.5,24.2,17,NYG,1.0,31.0
Spencer Rattler,pass_att,31.0,1.0,31.5,29.9,16,NO,1.0,31.0
Carson Wentz,pass_att,30.5,2.0,27.0,26.9,7,MIN,1.0,30.5
Davis Mills,pass_att,30.0,4.0,17.0,19.5,10,HOU,1.0,30.0
Deshaun Watson,pass_att,30.0,17.0,32.0,30.9,7,,1.0,30.0
Jaxson Dart,pass_att,30.0,13.0,29.5,27.9,12,NYG,1.0,30.0
Trevor Lawrence,pass_att,30.0,27.0,30.0,30.1,27,JAX,1.0,30.0
C.J. Stroud,pass_att,29.0,10.0,30.0,30.6,31,HOU,1.0,29.0
Cam Ward,pass_att,29.0,3.0,33.0,30.4,17,TEN,1.0,29.0
Daniel Jones,pass_att,29.0,7.0,29.5,29.6,23,IND,1.0,29.0
Drake Maye,pass_att,29.0,18.0,30.0,29.0,30,NE,1.0,29.0
Drew Lock,pass_att,29.0,1.0,26.0,23.0,8,SEA,1.0,29.0
Jordan Love,pass_att,29.0,13.0,29.5,29.2,30,GB,1.0,29.0
Justin Herbert,pass_att,29.0,18.0,29.0,29.6,33,LAC,1.0,29.0
Baker Mayfield,pass_att,28.0,19.0,28.0,29.8,34,TB,1.0,28.0
Cooper Rush,pass_att,28.0,13.0,30.0,29.8,14,BAL,1.0,28.0
Derek Carr,pass_att,28.0,25.0,27.5,27.9,10,,1.0,28.0
Jalen Hurts,pass_att,28.0,15.0,27.5,28.2,31,PHI,1.0,28.0
Josh Allen,pass_att,28.0,19.0,28.0,28.2,32,BUF,1.0,28.0
Jake Browning,pass_att,27.0,1.0,27.0,25.0,5,CIN,1.0,27.0
Sam Darnold,pass_att,27.0,26.0,26.5,28.5,34,SEA,1.0,27.0
Jayden Daniels,pass_att,26.0,20.0,26.0,27.5,24,WAS,1.0,26.0
Bryce Young,pass_att,25.0,20.0,25.0,27.9,30,CAR,1.0,25.0
Shedeur Sanders,pass_att,25.0,20.0,24.0,26.5,8,CLE,1.0,25.0
Anthony Richardson,pass_att,24.0,2.0,24.0,21.3,12,IND,1.0,24.0
Gardner Minshew,pass_att,24.0,5.0,26.0,24.8,12,KC,1.0,24.0
Will Levis,pass_att,24.0,12.0,25.5,24.1,12,,1.0,24.0
Geno Smith,pass_att,23.0,21.0,24.5,28.5,32,LV,1.0,23.0
J.J. McCarthy,pass_att,23.0,14.0,23.0,24.3,10,MIN,1.0,23.0
Lamar Jackson,pass_att,23.0,10.0,23.0,22.7,30,BAL,1.0,23.0
Tua Tagovailoa,pass_att,23.0,20.0,24.5,27.0,25,MIA,1.0,23.0
Quinn Ewers,pass_att,22.5,8.0,22.5,20.8,4,MIA,1.0,22.5
Tanner McKee,pass_att,22.0,3.0,22.0,22.0,4,PHI,1.0,22.0
Tyrod Taylor,pass_att,22.0,4.0,18.0,19.5,8,NYJ,1.0,22.0
Marcus Mariota,pass_att,21.0,4.0,21.5,22.7,13,WAS,1.0,21.0
Tyler Huntley,pass_att,21.0,10.0,22.0,22.2,9,BAL,1.0,21.0
Andy Dalton,pass_att,20.0,6.0,24.0,21.9,9,CAR,1.0,20.0
Dillon Gabriel,pass_att,18.0,1.0,18.0,20.6,9,CLE,1.0,18.0
Justin Fields,pass_att,17.0,11.0,19.5,20.5,16,NYJ,1.0,17.0
Desmond Ridder,pass_att,16.0,2.0,16.0,17.0,5,,1.0,16.0
Mason Rudolph,pass_att,16.0,2.0,28.5,22.3,12,PIT,1.0,16.0
Malik Willis,pass_att,11.0,1.0,8.0,8.9,10,GB,1.0,11.0
Dorian Thompson-Robinson,pass_att,9.0,1.0,16.5,19.7,6,,1.0,9.0
Josh Johnson,pass_att,9.0,1.0,9.0,11.4,5,WAS,1.0,9.0
Max Brosmer,pass_att,9.0,4.0,8.5,11.8,6,MIN,1.0,9.0
Jake Haener,pass_att,7.0,1.0,7.0,7.8,5,,1.0,7.0
Trey Lance,pass_att,7.0,1.0,6.0,14.0,7,LAC,1.0,7.0
Joe Milton III,pass_att,5.0,2.0,5.0,10.6,5,DAL,1.0,5.0
Joshua Dobbs,pass_att,4.0,1.0,4.0,9.5,6,NE,1.0,4.0
Kenny Pickett,pass_att,4.0,1.0,3.0,8.7,10,LV,1.0,4.0
Mitchell Trubisky,pass_att,2.0,1.0,2.0,7.6,8,BUF,1.0,2.0
Riley Leonard,pass_att,2.0,1.0,2.0,13.4,5,IND,1.0,2.0
Nick Mullens,pass_att,1.0,1.0,1.0,1.2,4,JAX,1.0,1.0
Taysom Hill,pass_att,1.0,1.0,1.0,1.2,8,NO,1.0,1.0
Tyson Bagent,pass_att,1.0,1.0,1.0,1.5,4,CHI,1.0,1.0
Jared Goff,pass_cmps,25.0,18.0,25.0,24.1,34,DET,1.0,25.0
Joe Burrow,pass_cmps,25.0,7.0,25.0,24.9,25,CIN,1.0,25.0
Bo Nix,pass_cmps,24.0,14.0,23.5,22.8,34,DEN,1.0,24.0
Matthew Stafford,pass_cmps,24.0,18.0,24.0,22.8,33,LA,1.0,24.0
Aaron Rodgers,pass_cmps,23.0,9.0,23.0,20.9,33,PIT,1.0,23.0
Brock Purdy,pass_cmps,23.0,16.0,23.0,22.4,24,SF,1.0,23.0
Dak Prescott,pass_cmps,23.0,7.0,23.0,21.9,25,DAL,1.0,23.0
Kyler Murray,pass_cmps,23.0,17.0,23.0,23.6,22,ARI,1.0,23.0
Patrick Mahomes,pass_cmps,23.0,14.0,24.0,22.8,30,KC,1.0,23.0
Tyler Shough,pass_cmps,23.0,13.0,22.5,22.1,11,NO,1.0,23.0
C.J. Stroud,pass_cmps,22.0,6.0,22.0,19.4,31,HOU,1.0,22.0
Jacoby Brissett,pass_cmps,22.0,16.0,23.5,26.3,20,ARI,1.0,22.0
Cam Ward,pass_cmps,21.0,3.0,21.0,18.7,17,TEN,1.0,21.0
Drew Lock,pass_cmps,21.0,1.0,19.0,13.6,8,SEA,1.0,21.0
Joe Flacco,pass_cmps,21.0,1.0,21.0,19.5,19,CIN,1.0,21.0
Aidan O'Connell,pass_cmps,20.0,6.0,15.5,16.4,10,LV,1.0,20.0
Carson Wentz,pass_cmps,20.0,2.0,15.0,17.4,7,MIN,1.0,20.0
Mac Jones,pass_cmps,20.0,17.0,23.0,23.6,18,SF,1.0,20.0
Michael Penix Jr.,pass_cmps,20.0,12.0,20.0,18.7,14,ATL,1.0,20.0
Sam Darnold,pass_cmps,20.0,14.0,20.0,19.2,34,SEA,1.0,20.0
Spencer Rattler,pass_cmps,20.0,0.0,20.5,20.0,16,NO,1.0,20.0
Trevor Lawrence,pass_cmps,20.0,16.0,19.0,18.9,27,JAX,1.0,20.0
Brady Cook,pass_cmps,19.0,11.0,19.0,17.6,5,NYJ,1.0,19.0
Caleb Williams,pass_cmps,19.0,17.0,19.0,19.2,34,CHI,1.0,19.0
Daniel Jones,pass_cmps,19.0,5.0,20.5,19.8,23,IND,1.0,19.0
Derek Carr,pass_cmps,19.0,16.0,18.5,18.9,10,,1.0,19.0
Drake Maye,pass_cmps,19.0,14.0,19.0,20.2,30,NE,1.0,19.0
Jake Browning,pass_cmps,19.0,1.0,19.0,16.2,5,CIN,1.0,19.0
Jalen Hurts,pass_cmps,19.0,12.0,17.0,17.7,31,PHI,1.0,19.0
Jameis Winston,pass_cmps,19.0,0.0,21.5,21.2,12,NYG,1.0,19.0
Jaxson Dart,pass_cmps,19.0,7.0,18.0,17.7,12,NYG,1.0,19.0
Josh Allen,pass_cmps,19.0,12.0,20.5,19.7,32,BUF,1.0,19.0
Justin Herbert,pass_cmps,19.0,10.0,19.0,19.4,33,LAC,1.0,19.0
Deshaun Watson,pass_cmps,18.5,15.0,21.0,19.6,7,,1.0,18.5
Baker Mayfield,pass_cmps,18.0,9.0,17.0,18.6,34,TB,1.0,18.0
Geno Smith,pass_cmps,18.0,13.0,17.5,19.6,32,LV,1.0,18.0
Jordan Love,pass_cmps,18.0,8.0,18.5,18.8,30,GB,1.0,18.0
Kirk Cousins,pass_cmps,18.0,13.0,17.0,16.6,24,ATL,1.0,18.0
Will Levis,pass_cmps,18.0,8.0,17.5,15.2,12,,1.0,18.0
Russell Wilson,pass_cmps,17.0,0.0,17.0,14.5,17,NYG,1.0,17.0
Shedeur Sanders,pass_cmps,17.0,11.0,16.5,15.0,8,CLE,1.0,17.0
Davis Mills,pass_cmps,16.0,2.0,9.5,11.1,10,HOU,1.0,16.0
Jayden Daniels,pass_cmps,16.0,9.0,17.5,16.8,24,WAS,1.0,16.0
Tyler Huntley,pass_cmps,16.0,7.0,16.0,15.3,9,BAL,1.0,16.0
Bryce Young,pass_cmps,15.0,14.0,16.0,18.1,30,CAR,1.0,15.0
Cooper Rush,pass_cmps,15.0,9.0,17.0,18.6,14,BAL,1.0,15.0
Marcus Mariota,pass_cmps,15.0,2.0,15.5,13.9,13,WAS,1.0,15.0
Quinn Ewers,pass_cmps,15.0,5.0,15.0,13.8,4,MIA,1.0,15.0
Tua Tagovailoa,pass_cmps,15.0,12.0,17.5,18.1,25,MIA,1.0,15.0
Gardner Minshew,pass_cmps,14.0,3.0,14.5,15.4,12,KC,1.0,14.0
J.J. McCarthy,pass_cmps,14.0,9.0,14.0,14.0,10,MIN,1.0,14.0
Lamar Jackson,pass_cmps,14.0,7.0,14.0,13.8,30,BAL,1.0,14.0
Andy Dalton,pass_cmps,13.5,4.0,16.0,14.6,9,CAR,1.0,13.5
Dillon Gabriel,pass_cmps,13.0,1.0,13.0,12.2,9,CLE,1.0,13.0
Mason Rudolph,pass_cmps,12.0,0.0,19.5,15.0,12,PIT,1.0,12.0
Tanner McKee,pass_cmps,12.0,3.0,12.0,13.5,4,PHI,1.0,12.0
Desmond Ridder,pass_cmps,11.0,1.0,11.0,10.4,5,,1.0,11.0
Tyrod Taylor,pass_cmps,11.0,1.0,10.5,12.1,8,NYJ,1.0,11.0
Anthony Richardson,pass_cmps,10.0,1.0,10.0,10.1,12,IND,1.0,10.0
Justin Fields,pass_cmps,9.0,6.0,12.0,12.8,16,NYJ,1.0,9.0
Malik Willis,pass_cmps,9.0,1.0,6.5,7.0,10,GB,1.0,9.0
Max Brosmer,pass_cmps,7.0,2.0,7.0,7.8,6,MIN,1.0,7.0
Josh Johnson,pass_cmps,5.0,1.0,5.0,7.2,5,WAS,1.0,5.0
Dorian Thompson-Robinson,pass_cmps,4.0,0.0,7.5,10.2,6,,1.0,4.0
Jake Haener,pass_cmps,3.0,0.0,3.0,3.6,5,,1.0,3.0
Joe Milton III,pass_cmps,3.0,2.0,3.0,7.4,5,DAL,1.0,3.0
Joshua Dobbs,pass_cmps,3.0,0.0,3.0,6.5,6,NE,1.0,3.0
Trey Lance,pass_cmps,3.0,1.0,3.0,7.4,7,LAC,1.0,3.0
Kenny Pickett,pass_cmps,2.0,0.0,2.0,5.3,10,LV,1.0,2.0
Mitchell Trubisky,pass_cmps,1.0,1.0,1.0,5.5,8,BUF,1.0,1.0
Nick Mullens,pass_cmps,1.0,1.0,1.0,1.2,4,JAX,1.0,1.0
Tyson Bagent,pass_cmps,1.0,1.0,1.0,1.2,4,CHI,1.0,1.0
Riley Leonard,pass_cmps,0.0,0.0,0.0,7.8,5,IND,1.0,0.0
Jared Goff,pass_yds,309.0,197.0,296.5,293.3,34,DET,1.0,309.0
Brock Purdy,pass_yds,295.0,127.0,286.0,254.4,24,SF,1.0,295.0
Dak Prescott,pass_yds,294.0,70.0,281.0,267.1,25,DAL,1.0,294.0
Matthew Stafford,pass_yds,280.0,243.0,276.5,284.1,33,LA,1.0,280.0
Joe Burrow,pass_yds,277.0,76.0,269.0,249.8,25,CIN,1.0,277.0
Drake Maye,pass_yds,270.0,155.0,275.5,265.0,30,NE,1.0,270.0
Patrick Mahomes,pass_yds,261.0,160.0,268.5,264.8,30,KC,1.0,261.0
Tyler Shough,pass_yds,259.0,144.0,251.0,238.4,11,NO,1.0,259.0
Trevor Lawrence,pass_yds,255.0,229.0,249.5,238.7,27,JAX,1.0,255.0
Josh Allen,pass_yds,251.0,123.0,252.0,227.1,32,BUF,1.0,251.0
Jacoby Brissett,pass_yds,249.0,203.0,259.5,276.7,20,ARI,1.0,249.0
Sam Darnold,pass_yds,249.0,128.0,246.5,229.4,34,SEA,1.0,249.0
Caleb Williams,pass_yds,239.0,154.0,229.5,230.6,34,CHI,1.0,239.0
Derek Carr,pass_yds,236.0,165.0,227.5,214.5,10,,1.0,236.0
Mac Jones,pass_yds,235.0,152.0,257.0,255.0,18,SF,1.0,235.0
Jordan Love,pass_yds,234.0,77.0,206.5,212.2,30,GB,1.0,234.0
C.J. Stroud,pass_yds,229.0,79.0,236.5,220.9,31,HOU,1.0,229.0
Aaron Rodgers,pass_yds,224.0,116.0,211.0,205.2,33,PIT,1.0,224.0
Michael Penix Jr.,pass_yds,221.0,172.0,231.0,229.4,14,ATL,1.0,221.0
Justin Herbert,pass_yds,220.0,81.0,223.5,223.4,33,LAC,1.0,220.0
Kyler Murray,pass_yds,220.0,159.0,220.0,221.0,22,ARI,1.0,220.0
Spencer Rattler,pass_yds,218.0,0.0,216.0,182.6,16,NO,1.0,218.0
Aidan O'Connell,pass_yds,214.0,52.0,159.0,171.4,10,LV,1.0,214.0
Bo Nix,pass_yds,212.0,141.0,229.5,237.5,34,DEN,1.0,212.0
Daniel Jones,pass_yds,212.0,60.0,233.5,228.5,23,IND,1.0,212.0
Jameis Winston,pass_yds,212.0,0.0,227.0,260.5,12,NYG,1.0,212.0
Marcus Mariota,pass_yds,211.0,30.0,209.0,169.5,13,WAS,1.0,211.0
Jaxson Dart,pass_yds,207.0,33.0,201.0,195.9,12,NYG,1.0,207.0
Carson Wentz,pass_yds,204.5,20.0,173.0,190.6,7,MIN,1.0,204.5
Jayden Daniels,pass_yds,200.0,78.0,205.5,178.5,24,WAS,1.0,200.0
Baker Mayfield,pass_yds,194.0,41.0,183.5,192.6,34,TB,1.0,194.0
Lamar Jackson,pass_yds,193.0,101.0,184.5,182.7,30,BAL,1.0,193.0
Jalen Hurts,pass_yds,185.0,110.0,184.0,205.2,31,PHI,1.0,185.0
Joe Flacco,pass_yds,184.0,4.0,191.5,199.0,19,CIN,1.0,184.0
Kirk Cousins,pass_yds,180.0,126.0,176.5,172.1,24,ATL,1.0,180.0
Cooper Rush,pass_yds,179.0,52.0,189.0,193.5,14,BAL,1.0,179.0
Drew Lock,pass_yds,178.0,3.0,158.0,135.8,8,SEA,1.0,178.0
Shedeur Sanders,pass_yds,177.0,111.0,167.0,175.0,8,CLE,1.0,177.0
Geno Smith,pass_yds,176.0,116.0,175.0,184.9,32,LV,1.0,176.0
Will Levis,pass_yds,175.0,89.0,175.0,177.2,12,,1.0,175.0
Tua Tagovailoa,pass_yds,173.0,127.0,189.0,190.8,25,MIA,1.0,173.0
Cam Ward,pass_yds,170.0,52.0,182.0,181.3,17,TEN,1.0,170.0
Bryce Young,pass_yds,169.0,54.0,166.0,186.1,30,CAR,1.0,169.0
Deshaun Watson,pass_yds,168.5,125.0,169.0,164.0,7,,1.0,168.5
Brady Cook,pass_yds,163.0,60.0,163.0,147.8,5,NYJ,1.0,163.0
J.J. McCarthy,pass_yds,158.0,87.0,154.0,163.2,10,MIN,1.0,158.0
Quinn Ewers,pass_yds,154.5,53.0,154.5,155.5,4,MIA,1.0,154.5
Russell Wilson,pass_yds,148.0,0.0,154.0,152.9,17,NYG,1.0,148.0
Tanner McKee,pass_yds,147.5,33.0,147.5,149.2,4,PHI,1.0,147.5
Jake Browning,pass_yds,140.0,14.0,140.0,154.2,5,CIN,1.0,140.0
Davis Mills,pass_yds,137.0,23.0,103.5,112.7,10,HOU,1.0,137.0
Gardner Minshew,pass_yds,137.0,15.0,145.5,151.7,12,KC,1.0,137.0
Anthony Richardson,pass_yds,131.0,9.0,149.0,140.7,12,IND,1.0,131.0
Mason Rudolph,pass_yds,127.0,0.0,182.0,154.0,12,PIT,1.0,127.0
Tyrod Taylor,pass_yds,126.0,6.0,104.5,112.2,8,NYJ,1.0,126.0
Malik Willis,pass_yds,121.0,6.0,88.5,97.2,10,GB,1.0,121.0
Dillon Gabriel,pass_yds,116.0,0.0,116.0,104.1,9,CLE,1.0,116.0
Andy Dalton,pass_yds,114.5,58.0,136.0,142.4,9,CAR,1.0,114.5
Tyler Huntley,pass_yds,107.0,65.0,107.0,139.4,9,BAL,1.0,107.0
Desmond Ridder,pass_yds,74.0,11.0,74.0,91.6,5,,1.0,74.0
Joe Milton III,pass_yds,58.0,11.0,58.0,84.8,5,DAL,1.0,58.0
Justin Fields,pass_yds,54.0,45.0,85.0,125.9,16,NYJ,1.0,54.0
Max Brosmer,pass_yds,52.0,13.0,51.5,54.7,6,MIN,1.0,52.0
Josh Johnson,pass_yds,43.0,1.0,43.0,77.8,5,WAS,1.0,43.0
Trey Lance,pass_yds,40.5,1.0,37.0,70.3,7,LAC,1.0,40.5
Jake Haener,pass_yds,38.0,0.0,38.0,45.2,5,,1.0,38.0
Mitchell Trubisky,pass_yds,32.0,2.0,27.0,61.5,8,BUF,1.0,32.0
Joshua Dobbs,pass_yds,23.0,0.0,26.5,71.0,6,NE,1.0,23.0
Dorian Thompson-Robinson,pass_yds,18.0,0.0,50.0,73.3,6,,1.0,18.0
Kenny Pickett,pass_yds,16.0,0.0,12.0,47.9,10,LV,1.0,16.0
Nick Mullens,pass_yds,15.0,3.0,15.0,14.2,4,JAX,1.0,15.0
Tyson Bagent,pass_yds,13.0,5.0,13.0,14.5,4,CHI,1.0,13.0
Riley Leonard,pass_yds,0.0,0.0,0.0,83.0,5,IND,1.0,0.0
Taysom Hill,pass_yds,0.0,0.0,1.5,9.8,8,NO,1.0,0.0
Ja'Marr Chase,rec_yds,96.0,30.0,102.5,94.4,33,CIN,1.0,96.0
A.J. Brown,rec_yds,95.0,41.0,87.5,80.9,28,PHI,1.0,95.0
Puka Nacua,rec_yds,95.0,47.0,85.5,109.9,27,LA,1.0,95.0
Jaxon Smith-Njigba,rec_yds,93.0,23.0,94.5,97.4,34,SEA,1.0,93.0
Amon-Ra St. Brown,rec_yds,92.0,0.0,80.0,86.3,34,DET,1.0,92.0
Michael Wilson,rec_yds,89.0,36.0,75.0,87.0,33,ARI,1.0,89.0
Chris Olave,rec_yds,85.0,30.0,77.5,82.1,24,NO,1.0,85.0
Nico Collins,rec_yds,85.0,55.0,80.0,80.5,27,HOU,1.0,85.0
Alec Pierce,rec_yds,80.0,0.0,79.0,68.6,31,IND,1.0,80.0
Drake London,rec_yds,78.0,4.0,91.0,81.5,29,ATL,1.0,78.0
George Pickens,rec_yds,78.0,9.0,78.5,82.2,31,DAL,1.0,78.0
Trey McBride,rec_yds,76.0,27.0,77.5,81.8,33,ARI,1.0,76.0
Rashee Rice,rec_yds,75.0,34.0,77.5,75.6,11,KC,1.0,75.0
Zay Flowers,rec_yds,75.0,6.0,71.5,72.5,34,BAL,1.0,75.0
CeeDee Lamb,rec_yds,74.0,4.0,74.5,74.5,28,DAL,1.0,74.0
Jameson Williams,rec_yds,74.0,0.0,81.0,82.8,32,DET,1.0,74.0
Parker Washington,rec_yds,71.0,20.0,62.0,69.2,27,JAX,1.0,71.0
Malik Nabers,rec_yds,69.0,13.0,70.0,80.4,19,NYG,1.0,69.0
George Kittle,rec_yds,67.0,29.0,67.0,60.3,26,SF,1.0,67.0
Garrett Wilson,rec_yds,66.0,0.0,60.0,56.6,24,NYJ,1.0,66.0
Courtland Sutton,rec_yds,62.0,5.0,60.5,54.8,33,DEN,1.0,62.0
Tee Higgins,rec_yds,62.0,31.0,62.5,68.8,27,CIN,1.0,62.0
Christian Watson,rec_yds,58.0,17.0,53.5,61.1,24,GB,1.0,58.0
Davante Adams,rec_yds,58.0,1.0,59.0,52.0,28,LA,1.0,58.0
Kyle Pitts,rec_yds,57.0,16.0,47.5,58.4,34,ATL,1.0,57.0
Terry McLaurin,rec_yds,57.0,41.0,55.5,58.2,27,WAS,1.0,57.0
Ricky Pearsall,rec_yds,56.0,0.0,62.5,59.7,19,SF,1.0,56.0
Amari Cooper,rec_yds,55.0,3.0,48.5,43.4,13,,1.0,55.0
Colston Loveland,rec_yds,55.0,28.0,52.0,59.7,16,CHI,1.0,55.0
Sam LaPorta,rec_yds,55.0,15.0,54.0,55.2,25,DET,1.0,55.0
Tank Dell,rec_yds,54.0,23.0,46.5,53.0,14,,1.0,54.0
Wan'Dale Robinson,rec_yds,54.0,19.0,51.0,66.3,33,NYG,1.0,54.0
Juwan Johnson,rec_yds,53.0,30.0,49.5,57.4,32,NO,1.0,53.0
Tucker Kraft,rec_yds,53.0,20.0,48.0,57.8,25,GB,1.0,53.0
Dalton Schultz,rec_yds,51.0,8.0,52.0,46.9,34,HOU,1.0,51.0
Jalen McMillan,rec_yds,51.0,11.0,54.0,51.9,17,TB,1.0,51.0
Jaylen Waddle,rec_yds,50.0,0.0,51.0,52.0,31,MIA,1.0,50.0
Brian Thomas Jr.,rec_yds,49.0,18.0,52.0,54.3,31,JAX,1.0,49.0
Hunter Henry,rec_yds,49.0,18.0,47.0,45.8,33,NE,1.0,49.0
Tyreek Hill,rec_yds,49.0,20.0,58.0,65.3,21,MIA,1.0,49.0
DeVonta Smith,rec_yds,48.0,25.0,49.0,50.4,30,PHI,1.0,48.0
Jalen Coker,rec_yds,47.0,16.0,41.5,39.4,22,CAR,1.0,47.0
Brock Bowers,rec_yds,46.0,28.0,46.0,53.9,29,LV,1.0,46.0
Luther Burden III,rec_yds,46.0,27.0,40.5,50.2,15,CHI,1.0,46.0
Tetairoa McMillan,rec_yds,46.0,5.0,53.0,60.1,17,CAR,1.0,46.0
Brandon Aiyuk,rec_yds,45.5,23.0,43.0,53.4,7,,1.0,45.5
Brenton Strange,rec_yds,45.0,26.0,45.0,46.4,26,JAX,1.0,45.0
Jakobi Meyers,rec_yds,44.0,39.0,44.5,50.6,31,JAX,1.0,44.0
Marvin Harrison Jr.,rec_yds,44.0,0.0,51.0,51.0,29,ARI,1.0,44.0
Harold Fannin Jr.,rec_yds,43.0,26.0,41.5,47.7,16,CLE,1.0,43.0
Stefon Diggs,rec_yds,43.0,20.0,40.5,55.7,25,NE,1.0,43.0
DK Metcalf,rec_yds,42.0,22.0,45.5,49.4,30,PIT,1.0,42.0
Zach Ertz,rec_yds,42.0,11.0,39.5,37.6,30,WAS,1.0,42.0
Greg Dulcich,rec_yds,41.0,18.0,36.0,33.5,12,MIA,1.0,41.0
Jauan Jennings,rec_yds,41.0,35.0,41.5,47.6,30,SF,1.0,41.0
Jayden Reed,rec_yds,41.0,6.0,38.0,37.1,22,GB,1.0,41.0
Mack Hollins,rec_yds,41.0,9.0,45.0,50.8,30,NE,1.0,41.0
Rome Odunze,rec_yds,41.0,0.0,47.0,49.6,29,CHI,1.0,41.0
Xavier Worthy,rec_yds,41.0,0.0,38.0,38.7,30,KC,1.0,41.0
Darren Waller,rec_yds,40.0,0.0,33.5,35.4,8,MIA,1.0,40.0
Pat Bryant,rec_yds,40.0,20.0,36.0,36.0,12,DEN,1.0,40.0
Quentin Johnston,rec_yds,40.0,0.0,41.0,49.6,28,LAC,1.0,40.0
Ladd McConkey,rec_yds,39.0,12.0,41.0,47.6,32,LAC,1.0,39.0
Tyquan Thornton,rec_yds,39.0,0.0,43.0,39.7,15,KC,1.0,39.0
Travis Hunter,rec_yds,37.5,15.0,33.0,42.6,7,JAX,1.0,37.5
Bijan Robinson,rec_yds,37.0,8.0,38.0,40.7,34,ATL,1.0,37.0
Dalton Kincaid,rec_yds,37.0,0.0,39.0,48.6,25,BUF,1.0,37.0
Devaughn Vele,rec_yds,37.0,10.0,26.0,34.3,22,NO,1.0,37.0
Elic Ayomanor,rec_yds,37.0,5.0,33.0,31.9,16,TEN,1.0,37.0
Justin Jefferson,rec_yds,37.0,4.0,42.0,44.6,34,MIN,1.0,37.0
Bub Means,rec_yds,36.5,0.0,36.5,29.5,4,,1.0,36.5
Colby Parkinson,rec_yds,36.0,21.0,34.0,35.0,29,LA,1.0,36.0
Darius Slayton,rec_yds,36.0,8.0,35.0,40.3,30,NYG,1.0,36.0
Jake Tonges,rec_yds,36.0,2.0,31.0,32.6,9,SF,1.0,36.0
Keenan Allen,rec_yds,36.0,17.0,36.0,34.2,32,LAC,1.0,36.0
Romeo Doubs,rec_yds,36.0,0.0,40.0,41.8,29,GB,1.0,36.0
Theo Johnson,rec_yds,36.0,0.0,32.5,42.9,25,NYG,1.0,36.0
Travis Kelce,rec_yds,36.0,6.0,44.0,47.6,33,KC,1.0,36.0
Chase Brown,rec_yds,35.0,12.0,33.5,34.3,32,CIN,1.0,35.0
Deebo Samuel Sr.,rec_yds,35.0,20.0,38.0,41.2,30,WAS,1.0,35.0
Emeka Egbuka,rec_yds,35.0,8.0,37.5,41.1,17,TB,1.0,35.0
Kenny Gainwell,rec_yds,35.0,12.0,32.5,40.2,31,PIT,1.0,35.0
Khalil Shakir,rec_yds,35.0,-3.0,39.0,45.1,31,BUF,1.0,35.0
Christian McCaffrey,rec_yds,34.0,14.0,40.5,40.8,21,SF,1.0,34.0
Jayden Higgins,rec_yds,34.0,4.0,36.0,37.0,17,HOU,1.0,34.0
Josh Downs,rec_yds,34.0,10.0,36.5,34.9,30,IND,1.0,34.0
Mike Evans,rec_yds,34.0,0.0,42.5,55.4,22,TB,1.0,34.0
Ryan Flournoy,rec_yds,34.0,0.0,24.0,32.6,20,DAL,1.0,34.0
Chig Okonkwo,rec_yds,33.0,2.0,36.5,34.2,33,TEN,1.0,33.0
DeMario Douglas,rec_yds,33.0,6.0,33.5,34.6,31,NE,1.0,33.0
Jahmyr Gibbs,rec_yds,33.0,18.0,31.5,42.2,32,DET,1.0,33.0
Cody White,rec_yds,32.5,9.0,32.5,33.5,4,SEA,1.0,32.5
Cooper Kupp,rec_yds,32.0,6.0,30.5,33.2,28,SEA,1.0,32.0
Calvin Ridley,rec_yds,30.0,13.0,43.5,54.1,24,TEN,1.0,30.0
Chris Godwin Jr.,rec_yds,30.0,8.0,28.0,42.5,16,TB,1.0,30.0
Dawson Knox,rec_yds,30.0,10.0,29.0,32.9,30,BUF,1.0,30.0
Jordan Akins,rec_yds,30.0,0.0,24.5,25.0,16,,1.0,30.0
Kayshon Boutte,rec_yds,30.0,0.0,32.5,38.6,29,NE,1.0,30.0
Mason Taylor,rec_yds,30.0,4.0,30.5,32.6,13,NYJ,1.0,30.0
Tre Tucker,rec_yds,30.0,0.0,29.0,30.7,34,LV,1.0,30.0
Cade Otton,rec_yds,28.0,9.0,30.5,40.6,29,TB,1.0,28.0
Chris Moore,rec_yds,28.0,0.0,26.5,25.9,8,WAS,1.0,28.0
Dallas Goedert,rec_yds,28.0,8.0,27.5,34.8,25,PHI,1.0,28.0
Devontez Walker,rec_yds,28.0,0.0,26.0,22.4,7,BAL,1.0,28.0
Zack Moss,rec_yds,28.0,2.0,27.5,23.4,8,,1.0,28.0
AJ Barner,rec_yds,27.0,14.0,27.0,31.4,30,SEA,1.0,27.0
Chimere Dike,rec_yds,27.0,8.0,25.5,32.7,16,TEN,1.0,27.0
Noah Brown,rec_yds,27.0,4.0,27.5,35.1,15,WAS,1.0,27.0
Oronde Gadsden II,rec_yds,27.0,7.0,29.5,35.6,15,LAC,1.0,27.0
Pat Freiermuth,rec_yds,27.0,9.0,23.5,29.9,32,PIT,1.0,27.0
Rhamondre Stevenson,rec_yds,27.0,5.0,18.5,20.4,28,NE,1.0,27.0
Troy Franklin,rec_yds,27.0,0.0,33.5,44.0,33,DEN,1.0,27.0
Jermaine Burton,rec_yds,26.0,8.0,26.0,26.8,4,,1.0,26.0
Jordan Addison,rec_yds,26.0,0.0,30.5,30.1,29,MIN,1.0,26.0
Michael Pittman,rec_yds,26.0,11.0,26.5,43.3,33,IND,1.0,26.0
Tyler Warren,rec_yds,26.0,15.0,28.0,37.8,17,IND,1.0,26.0
Darnell Washington,rec_yds,25.0,12.0,23.5,28.2,26,PIT,1.0,25.0
Isaiah Likely,rec_yds,25.0,10.0,21.0,29.5,26,BAL,1.0,25.0
John Metchie III,rec_yds,25.0,4.0,22.5,26.6,22,NYJ,1.0,25.0
RJ Harvey,rec_yds,25.0,0.0,22.5,24.6,17,DEN,1.0,25.0
Tyler Higbee,rec_yds,25.0,13.0,29.0,32.7,12,LA,1.0,25.0
Adonai Mitchell,rec_yds,24.0,0.0,23.0,30.8,33,NYJ,1.0,24.0
Darnell Mooney,rec_yds,24.0,6.0,24.5,28.5,31,ATL,1.0,24.0
De'Von Achane,rec_yds,24.0,0.0,26.5,29.3,32,MIA,1.0,24.0
Isaiah Williams,rec_yds,24.0,0.0,24.0,19.9,10,NYJ,1.0,24.0
Mike Williams,rec_yds,24.0,0.0,19.5,17.8,13,,1.0,24.0
Tyrell Shavers,rec_yds,24.0,7.0,22.5,24.5,11,BUF,1.0,24.0
Alexander Mattison,rec_yds,23.0,3.0,26.0,21.4,12,,1.0,23.0
Cedric Tillman,rec_yds,23.0,0.0,17.0,19.6,20,CLE,1.0,23.0
Demarcus Robinson,rec_yds,23.0,0.0,18.0,17.3,31,SF,1.0,23.0
Gunnar Helm,rec_yds,23.0,1.0,23.0,24.4,16,TEN,1.0,23.0
Lil'Jordan Humphrey,rec_yds,23.0,0.0,16.0,18.6,21,DEN,1.0,23.0
Luke Musgrave,rec_yds,23.0,-1.0,22.5,21.0,20,GB,1.0,23.0
Stone Smartt,rec_yds,23.0,0.0,27.0,26.0,10,NYJ,1.0,23.0
Tyjae Spears,rec_yds,23.0,-1.0,24.0,22.7,22,TEN,1.0,23.0
Erick All,rec_yds,22.0,0.0,23.0,19.8,8,,1.0,22.0
Jerry Jeudy,rec_yds,22.0,12.0,24.0,34.5,34,CLE,1.0,22.0
Marquise Brown,rec_yds,22.0,7.0,21.0,28.5,18,KC,1.0,22.0
Van Jefferson,rec_yds,22.0,11.0,21.5,25.1,29,TEN,1.0,22.0
Gunner Olszewski,rec_yds,21.5,0.0,21.5,36.2,4,NYG,1.0,21.5
David Njoku,rec_yds,21.0,1.0,24.5,25.6,22,CLE,1.0,21.0
Evan Engram,rec_yds,21.0,8.0,27.0,28.2,25,DEN,1.0,21.0
Gabe Davis,rec_yds,21.0,0.0,20.0,20.9,15,BUF,1.0,21.0
Luke McCaffrey,rec_yds,21.0,0.0,20.0,22.9,19,WAS,1.0,21.0
Michael Carter,rec_yds,21.0,0.0,23.5,24.5,14,ARI,1.0,21.0
Terrance Ferguson,rec_yds,21.0,0.0,26.0,23.1,10,LA,1.0,21.0
Tory Horton,rec_yds,21.0,0.0,32.0,23.0,7,SEA,1.0,21.0
Xavier Hutchinson,rec_yds,21.0,0.0,25.5,31.8,29,HOU,1.0,21.0
Andrei Iosivas,rec_yds,20.0,0.0,20.5,26.5,32,CIN,1.0,20.0
Austin Ekeler,rec_yds,20.0,2.0,13.5,25.3,14,WAS,1.0,20.0
Bam Knight,rec_yds,20.0,5.0,20.0,17.8,9,ARI,1.0,20.0
Jamison Crowder,rec_yds,20.0,5.0,20.0,18.0,4,,1.0,20.0
Kalif Raymond,rec_yds,20.0,0.0,18.5,25.9,21,DET,1.0,20.0
Keon Coleman,rec_yds,20.0,9.0,21.5,26.6,25,BUF,1.0,20.0
Ty Johnson,rec_yds,20.0,14.0,20.0,25.5,26,BUF,1.0,20.0
Tyler Boyd,rec_yds,20.0,7.0,27.0,28.2,14,,1.0,20.0
Curtis Samuel,rec_yds,19.0,1.0,20.0,24.2,18,BUF,1.0,19.0
DJ Turner,rec_yds,19.0,5.0,13.0,17.6,9,LV,1.0,19.0
Darius Cooper,rec_yds,19.0,4.0,19.0,18.4,5,PHI,1.0,19.0
David Moore,rec_yds,19.0,5.0,19.5,27.3,15,CAR,1.0,19.0
Jack Bech,rec_yds,19.0,0.0,18.0,19.1,12,LV,1.0,19.0
Kendrick Bourne,rec_yds,19.0,0.0,22.0,32.2,26,SF,1.0,19.0
Marquez Valdes-Scantling,rec_yds,19.0,0.0,14.0,15.3,22,PIT,1.0,19.0
Mike Gesicki,rec_yds,19.0,11.0,17.0,27.5,28,CIN,1.0,19.0
T.J. Hockenson,rec_yds,19.0,2.0,22.5,28.5,25,MIN,1.0,19.0
Zay Jones,rec_yds,19.0,0.0,16.0,26.4,12,ARI,1.0,19.0
Cam Skattebo,rec_yds,18.0,11.0,16.0,25.9,8,NYG,1.0,18.0
Casey Washington,rec_yds,18.0,0.0,17.0,15.4,7,ATL,1.0,18.0
Isaac Guerendo,rec_yds,18.0,-3.0,17.5,25.3,6,SF,1.0,18.0
Isaac TeSlaa,rec_yds,18.0,0.0,14.5,18.5,14,DET,1.0,18.0
James Conner,rec_yds,18.0,4.0,23.0,28.5,19,ARI,1.0,18.0
Joe Mixon,rec_yds,18.0,5.0,20.5,23.5,13,,1.0,18.0
Josh Oliver,rec_yds,18.0,-3.0,13.5,14.3,23,MIN,1.0,18.0
Josh Reynolds,rec_yds,18.0,0.0,10.0,12.1,13,NYJ,1.0,18.0
Kenneth Walker III,rec_yds,18.0,-1.0,18.5,22.1,27,SEA,1.0,18.0
Kevin Austin Jr.,rec_yds,18.0,0.0,17.5,20.6,13,NO,1.0,18.0
Kyle Williams,rec_yds,18.0,0.0,13.0,19.7,11,NE,1.0,18.0
Mark Andrews,rec_yds,18.0,9.0,19.5,21.4,34,BAL,1.0,18.0
Quinshon Judkins,rec_yds,18.0,-4.0,14.0,16.0,12,CLE,1.0,18.0
Robert Woods,rec_yds,18.0,0.0,15.5,17.5,12,,1.0,18.0
Tre Harris,rec_yds,18.0,8.0,18.0,22.9,16,LAC,1.0,18.0
Trey Palmer,rec_yds,18.0,0.0,18.5,17.2,10,,1.0,18.0
Will Dissly,rec_yds,18.0,0.0,18.0,16.0,23,LAC,1.0,18.0
Adam Trautman,rec_yds,17.0,2.0,15.5,19.0,24,DEN,1.0,17.0
Charlie Kolar,rec_yds,17.0,0.0,13.5,12.0,18,BAL,1.0,17.0
DJ Moore,rec_yds,17.0,-4.0,17.5,35.1,34,CHI,1.0,17.0
Jalen Brooks,rec_yds,17.0,0.0,16.0,16.6,14,ARI,1.0,17.0
James Cook,rec_yds,17.0,3.0,15.0,20.2,27,BUF,1.0,17.0
Simi Fehoko,rec_yds,17.0,0.0,17.0,21.2,5,ARI,1.0,17.0
Tez Johnson,rec_yds,17.0,-1.0,18.0,21.0,15,TB,1.0,17.0
Xavier Legette,rec_yds,17.0,1.0,19.5,22.1,30,CAR,1.0,17.0
Cole Kmet,rec_yds,16.0,3.0,16.0,21.5,30,CHI,1.0,16.0
Dante Pettis,rec_yds,16.0,0.0,20.0,23.0,12,NO,1.0,16.0
Davis Allen,rec_yds,16.0,0.0,12.0,16.0,21,LA,1.0,16.0
Isaiah Bond,rec_yds,16.0,0.0,14.5,23.2,14,CLE,1.0,16.0
Jake Ferguson,rec_yds,16.0,5.0,17.5,26.6,31,DAL,1.0,16.0
Jalen Nailor,rec_yds,16.0,0.0,16.0,28.2,32,MIN,1.0,16.0
Jalen Tolbert,rec_yds,16.0,0.0,16.0,20.3,28,DAL,1.0,16.0
Jaylin Lane,rec_yds,16.0,0.0,17.0,21.4,13,WAS,1.0,16.0
Josh Palmer,rec_yds,16.0,1.0,16.5,19.5,27,BUF,1.0,16.0
Mitchell Tinsley,rec_yds,16.0,0.0,14.5,14.5,8,CIN,1.0,16.0
Nick Westbrook-Ikhine,rec_yds,16.0,0.0,11.5,13.9,22,MIA,1.0,16.0
Travis Etienne,rec_yds,16.0,6.0,16.0,21.2,32,JAX,1.0,16.0
Britain Covey,rec_yds,15.5,0.0,15.5,13.5,4,PHI,1.0,15.5
Aaron Jones,rec_yds,15.0,0.0,15.5,15.5,29,MIN,1.0,15.0
Audric Estimé,rec_yds,15.0,4.0,13.0,18.6,7,NO,1.0,15.0
Bryce Oliver,rec_yds,15.0,8.0,15.5,17.2,6,TEN,1.0,15.0
Jaylen Warren,rec_yds,15.0,5.0,13.0,18.0,29,PIT,1.0,15.0
Skyy Moore,rec_yds,15.0,0.0,10.0,9.7,9,SF,1.0,15.0
Xavier Smith,rec_yds,15.0,6.0,14.5,30.3,11,LA,1.0,15.0
Alvin Kamara,rec_yds,14.0,1.0,17.5,17.4,25,NO,1.0,14.0
Breece Hall,rec_yds,14.0,0.0,14.0,20.0,31,NYJ,1.0,14.0
Bucky Irving,rec_yds,14.0,11.0,17.0,27.2,25,TB,1.0,14.0
Calvin Austin III,rec_yds,14.0,0.0,21.0,23.3,31,PIT,1.0,14.0
Jonathan Taylor,rec_yds,14.0,8.0,17.5,23.1,27,IND,1.0,14.0
Julian Hill,rec_yds,14.0,0.0,15.0,14.0,21,MIA,1.0,14.0
KaVontae Turpin,rec_yds,14.0,0.0,12.0,22.0,30,DAL,1.0,14.0
Mason Tipton,rec_yds,14.0,0.0,9.5,13.5,15,NO,1.0,14.0
Michael Mayer,rec_yds,14.0,10.0,18.0,28.1,23,LV,1.0,14.0
Noah Gray,rec_yds,14.0,0.0,18.5,15.7,29,KC,1.0,14.0
Ray-Ray McCloud,rec_yds,14.0,-7.0,16.5,27.9,22,NYG,1.0,14.0
Rico Dowdle,rec_yds,14.0,4.0,15.5,19.3,31,CAR,1.0,14.0
Ryan Miller,rec_yds,14.0,0.0,12.5,10.4,12,TB,1.0,14.0
Sterling Shepard,rec_yds,14.0,5.0,17.0,21.8,26,TB,1.0,14.0
Tanner Hudson,rec_yds,14.0,4.0,12.5,16.8,19,CIN,1.0,14.0
TreVeyon Henderson,rec_yds,14.0,3.0,13.5,14.8,13,NE,1.0,14.0
Tyrone Tracy Jr.,rec_yds,14.0,-5.0,16.5,23.4,29,NYG,1.0,14.0
Ashton Jeanty,rec_yds,13.0,7.0,20.0,26.0,16,LV,1.0,13.0
Ben Skowronek,rec_yds,13.0,0.0,15.0,13.8,10,PIT,1.0,13.0
Brandin Cooks,rec_yds,13.0,0.0,14.5,20.3,23,BUF,1.0,13.0
D'Andre Swift,rec_yds,13.0,-2.0,13.5,13.3,32,CHI,1.0,13.0
Daniel Bellinger,rec_yds,13.0,0.0,17.0,26.6,19,NYG,1.0,13.0
David Montgomery,rec_yds,13.0,0.0,13.0,11.4,30,DET,1.0,13.0
Dyami Brown,rec_yds,13.0,0.0,14.0,22.7,25,JAX,1.0,13.0
Foster Moreau,rec_yds,13.0,0.0,14.5,17.0,22,NO,1.0,13.0
Jamari Thrash,rec_yds,13.0,0.0,6.5,10.7,14,CLE,1.0,13.0
Jaylin Noel,rec_yds,13.0,0.0,13.0,28.3,13,HOU,1.0,13.0
Jeremy Ruckert,rec_yds,13.0,0.0,13.5,13.5,26,NYJ,1.0,13.0
Jordan Mims,rec_yds,13.0,4.0,13.0,14.2,5,TEN,1.0,13.0
Justice Hill,rec_yds,13.0,9.0,15.5,23.0,23,BAL,1.0,13.0
Kyren Williams,rec_yds,13.0,0.0,11.0,12.6,29,LA,1.0,13.0
Najee Harris,rec_yds,13.0,0.0,15.0,17.3,17,LAC,1.0,13.0
Tim Jones,rec_yds,13.0,10.0,13.0,14.0,4,JAX,1.0,13.0
Zach Charbonnet,rec_yds,13.0,0.0,12.5,13.9,26,SEA,1.0,13.0
Devin Neal,rec_yds,12.5,1.0,11.0,14.9,7,NO,1.0,12.5
Mason Kinsey,rec_yds,12.5,6.0,12.5,16.2,4,TEN,1.0,12.5
Brycen Tremayne,rec_yds,12.0,0.0,15.0,17.6,9,CAR,1.0,12.0
Diontae Johnson,rec_yds,12.0,0.0,16.0,35.6,11,,1.0,12.0
Dontayvion Wicks,rec_yds,12.0,6.0,13.5,23.7,30,GB,1.0,12.0
Drew Sample,rec_yds,12.0,-2.0,10.0,10.6,22,CIN,1.0,12.0
Dylan Sampson,rec_yds,12.0,0.0,10.5,19.4,13,CLE,1.0,12.0
Greg Dortch,rec_yds,12.0,5.0,11.5,20.6,27,ARI,1.0,12.0
Hunter Long,rec_yds,12.0,3.0,9.0,10.2,14,JAX,1.0,12.0
Jahan Dotson,rec_yds,12.0,0.0,12.5,16.8,28,PHI,1.0,12.0
Johnny Mundt,rec_yds,12.0,0.0,10.5,11.1,24,JAX,1.0,12.0
JuJu Smith-Schuster,rec_yds,12.0,0.0,10.0,12.0,27,KC,1.0,12.0
Luke Schoonmaker,rec_yds,12.0,0.0,12.0,11.9,24,DAL,1.0,12.0
Malik Heath,rec_yds,12.0,0.0,13.0,18.3,10,GB,1.0,12.0
Miles Sanders,rec_yds,12.0,-5.0,12.0,14.6,14,DAL,1.0,12.0
Omarion Hampton,rec_yds,12.0,4.0,13.0,21.3,9,LAC,1.0,12.0
Ray Davis,rec_yds,12.0,0.0,6.5,8.7,21,BUF,1.0,12.0
Savion Williams,rec_yds,12.0,1.0,10.0,13.0,6,GB,1.0,12.0
Taysom Hill,rec_yds,12.0,0.0,22.0,21.4,14,NO,1.0,12.0
Tutu Atwell,rec_yds,12.0,0.0,10.5,24.1,23,LA,1.0,12.0
Tyler Conklin,rec_yds,12.0,0.0,23.0,26.6,22,LAC,1.0,12.0
Adam Prentice,rec_yds,11.0,0.0,2.0,5.3,10,DEN,1.0,11.0
Austin Hooper,rec_yds,11.0,0.0,15.5,18.7,30,NE,1.0,11.0
Brock Wright,rec_yds,11.0,0.0,12.0,14.5,17,DET,1.0,11.0
David Sills,rec_yds,11.0,0.0,11.0,16.8,12,ATL,1.0,11.0
DeAndre Hopkins,rec_yds,11.0,0.0,12.0,13.8,33,BAL,1.0,11.0
Dont'e Thornton Jr.,rec_yds,11.0,0.0,7.5,9.0,11,LV,1.0,11.0
Elijah Higgins,rec_yds,11.0,0.0,14.0,20.2,29,ARI,1.0,11.0
Kimani Vidal,rec_yds,11.0,-2.0,12.0,13.5,16,LAC,1.0,11.0
Quintin Morris,rec_yds,11.0,0.0,8.0,9.1,10,JAX,1.0,11.0
Rachaad White,rec_yds,11.0,2.0,13.0,12.7,32,TB,1.0,11.0
Rasheen Ali,rec_yds,11.0,0.0,9.5,11.3,6,BAL,1.0,11.0
River Cracraft,rec_yds,11.0,6.0,11.0,16.5,4,WAS,1.0,11.0
Robbie Chosen,rec_yds,11.0,0.0,11.0,14.5,4,WAS,1.0,11.0
Ronnie Bell,rec_yds,11.0,0.0,11.0,11.2,4,NO,1.0,11.0
Tim Patrick,rec_yds,11.0,0.0,11.0,17.2,27,JAX,1.0,11.0
Treylon Burks,rec_yds,11.0,0.0,11.5,15.3,13,WAS,1.0,11.0
Brandon Powell,rec_yds,10.5,0.0,12.0,10.1,7,,1.0,10.5
Tanner Conner,rec_yds,10.5,0.0,13.0,11.9,9,MIA,1.0,10.5
Adam Thielen,rec_yds,10.0,0.0,8.5,14.9,24,PIT,1.0,10.0
Deven Thompkins,rec_yds,10.0,4.0,10.0,11.8,4,ATL,1.0,10.0
Hunter Luepke,rec_yds,10.0,3.0,8.5,10.9,20,DAL,1.0,10.0
Jackson Hawes,rec_yds,10.0,0.0,15.0,14.8,13,BUF,1.0,10.0
Jerome Ford,rec_yds,10.0,-1.0,10.0,10.6,23,CLE,1.0,10.0
Kyle Juszczyk,rec_yds,10.0,5.0,9.5,12.2,28,SF,1.0,10.0
Malachi Corley,rec_yds,10.0,0.0,9.5,8.9,12,CLE,1.0,10.0
Malik Washington,rec_yds,10.0,4.0,16.5,21.8,28,MIA,1.0,10.0
Marvin Mims Jr.,rec_yds,10.0,0.0,10.0,21.3,30,DEN,1.0,10.0
Mecole Hardman,rec_yds,10.0,0.0,12.0,12.9,7,BUF,1.0,10.0
Nelson Agholor,rec_yds,10.0,0.0,15.0,15.6,13,,1.0,10.0
Peyton Hendershot,rec_yds,10.0,6.0,10.0,12.8,4,,1.0,10.0
Rakim Jarrett,rec_yds,10.0,6.0,10.5,20.7,6,,1.0,10.0
Tony Pollard,rec_yds,10.0,3.0,11.0,14.0,29,TEN,1.0,10.0
Ty Chandler,rec_yds,10.0,8.0,10.0,13.2,4,MIN,1.0,10.0
Tyler Lockett,rec_yds,10.0,5.0,10.5,22.1,34,LV,1.0,10.0
Payne Durham,rec_yds,9.5,0.0,11.0,14.0,9,TB,1.0,9.5
Roman Wilson,rec_yds,9.5,0.0,12.0,18.4,9,PIT,1.0,9.5
Cade Stover,rec_yds,9.0,0.0,8.0,10.7,19,HOU,1.0,9.0
Elijah Moore,rec_yds,9.0,-3.0,11.5,14.9,25,BUF,1.0,9.0
Emari Demercado,rec_yds,9.0,-1.0,4.5,10.1,18,ARI,1.0,9.0
Eric Saubert,rec_yds,9.0,0.0,8.0,10.2,12,SEA,1.0,9.0
Hassan Haskins,rec_yds,9.0,2.0,9.0,12.4,5,LAC,1.0,9.0
Ian Thomas,rec_yds,9.0,4.0,8.5,12.1,10,LV,1.0,9.0
Ja'Tavion Sanders,rec_yds,9.0,5.0,10.0,16.3,26,CAR,1.0,9.0
Jeremy McNichols,rec_yds,9.0,0.0,10.5,15.4,19,WAS,1.0,9.0
Jimmy Horn Jr.,rec_yds,9.0,0.0,9.0,12.0,9,CAR,1.0,9.0
John Bates,rec_yds,9.0,0.0,9.0,10.3,19,WAS,1.0,9.0
Jordan Whittington,rec_yds,9.0,0.0,9.0,12.2,18,LA,1.0,9.0
Keaton Mitchell,rec_yds,9.0,0.0,8.0,11.4,8,BAL,1.0,9.0
KhaDarel Hodge,rec_yds,9.0,0.0,15.5,20.2,8,ATL,1.0,9.0
Kyle Monangai,rec_yds,9.0,0.0,11.0,11.6,14,CHI,1.0,9.0
Lucas Krull,rec_yds,9.0,3.0,13.5,15.1,12,DEN,1.0,9.0
Luke Farrell,rec_yds,9.0,0.0,8.5,8.9,19,SF,1.0,9.0
Matthew Golden,rec_yds,9.0,0.0,10.5,23.5,14,GB,1.0,9.0
Mo Alie-Cox,rec_yds,9.0,0.0,8.5,9.7,23,IND,1.0,9.0
Noah Fant,rec_yds,9.0,0.0,21.0,20.8,27,CIN,1.0,9.0
Odell Beckham Jr.,rec_yds,9.0,0.0,5.0,6.9,8,,1.0,9.0
Olamide Zaccheaus,rec_yds,9.0,0.0,14.0,19.4,29,CHI,1.0,9.0
Pierre Strong,rec_yds,9.0,0.0,9.0,11.6,9,,1.0,9.0
Roschon Johnson,rec_yds,9.0,5.0,10.0,14.9,7,CHI,1.0,9.0
Scott Miller,rec_yds,9.0,0.0,9.0,14.6,9,PIT,1.0,9.0
Trey Benson,rec_yds,9.0,4.0,9.0,13.7,9,ARI,1.0,9.0
Trey Sermon,rec_yds,9.0,3.0,9.0,9.9,10,PIT,1.0,9.0
Will Shipley,rec_yds,9.0,3.0,7.0,10.1,9,PHI,1.0,9.0
Xavier Weaver,rec_yds,9.0,0.0,4.5,8.4,8,ARI,1.0,9.0
D'Ernest Johnson,rec_yds,8.5,0.0,9.0,10.7,9,NE,1.0,8.5
Kendre Miller,rec_yds,8.5,0.0,8.0,7.0,9,NO,1.0,8.5
Trayveon Williams,rec_yds,8.5,0.0,8.5,13.8,4,CLE,1.0,8.5
Allen Lazard,rec_yds,8.0,0.0,8.5,14.1,21,NYJ,1.0,8.0
Andrew Ogletree,rec_yds,8.0,0.0,8.0,8.0,15,IND,1.0,8.0
Brashard Smith,rec_yds,8.0,0.0,14.5,17.2,12,KC,1.0,8.0
Cedrick Wilson Jr.,rec_yds,8.0,0.0,9.5,9.6,16,MIA,1.0,8.0
D'Onta Foreman,rec_yds,8.0,0.0,8.5,9.0,6,,1.0,8.0
Dee Eskridge,rec_yds,8.0,0.0,8.0,13.2,8,MIA,1.0,8.0
Derrick Henry,rec_yds,8.0,0.0,8.0,11.4,26,BAL,1.0,8.0
Emanuel Wilson,rec_yds,8.0,1.0,6.0,9.9,19,GB,1.0,8.0
Gage Larvadain,rec_yds,8.0,0.0,13.0,11.8,6,CLE,1.0,8.0
Grant Calcaterra,rec_yds,8.0,0.0,9.0,12.0,21,PHI,1.0,8.0
Jamaal Williams,rec_yds,8.0,0.0,8.0,8.1,7,,1.0,8.0
Josh Jacobs,rec_yds,8.0,0.0,10.0,10.6,28,GB,1.0,8.0
Kareem Hunt,rec_yds,8.0,0.0,8.0,10.7,25,KC,1.0,8.0
Rashid Shaheed,rec_yds,8.0,0.0,7.5,25.6,24,SEA,1.0,8.0
Rashod Bateman,rec_yds,8.0,0.0,9.0,13.6,29,BAL,1.0,8.0
Samaje Perine,rec_yds,8.0,1.0,7.5,8.1,27,CIN,1.0,8.0
Tip Reiman,rec_yds,8.0,0.0,8.0,6.9,8,ARI,1.0,8.0
Zavier Scott,rec_yds,8.0,2.0,8.0,12.2,8,MIN,1.0,8.0
DJ Chark,rec_yds,7.5,0.0,7.5,7.8,4,,1.0,7.5
Ben Sinnott,rec_yds,7.0,3.0,7.0,12.4,12,WAS,1.0,7.0
Braelon Allen,rec_yds,7.0,0.0,6.0,9.3,15,NYJ,1.0,7.0
Cam Grandy,rec_yds,7.0,0.0,6.5,5.8,6,CIN,1.0,7.0
Charlie Woerner,rec_yds,7.0,-5.0,6.5,7.2,14,ATL,1.0,7.0
Chris Manhertz,rec_yds,7.0,0.0,4.5,6.2,6,NYG,1.0,7.0
Chuba Hubbard,rec_yds,7.0,6.0,7.0,10.5,27,CAR,1.0,7.0
DeAndre Carter,rec_yds,7.0,5.0,7.0,14.4,5,CLE,1.0,7.0
Hunter Renfrow,rec_yds,7.0,6.0,8.5,14.8,6,CAR,1.0,7.0
Isaiah Davis,rec_yds,7.0,0.0,8.0,16.2,17,NYJ,1.0,7.0
Isiah Pacheco,rec_yds,7.0,-3.0,5.0,10.0,15,KC,1.0,7.0
Mike Woods,rec_yds,7.0,0.0,7.0,13.0,5,,1.0,7.0
Nate Adkins,rec_yds,7.0,0.0,11.0,11.3,18,DEN,1.0,7.0
Nick Vannett,rec_yds,7.0,0.0,6.5,11.5,12,,1.0,7.0
Raheem Mostert,rec_yds,7.0,2.0,9.0,8.6,19,LV,1.0,7.0
Saquon Barkley,rec_yds,7.0,0.0,8.0,14.5,31,PHI,1.0,7.0
Tucker Fisk,rec_yds,7.0,0.0,7.0,5.2,11,LAC,1.0,7.0
Tyler Johnson,rec_yds,7.0,0.0,19.0,23.2,20,NYJ,1.0,7.0
Will Mallory,rec_yds,7.0,0.0,6.0,5.6,8,IND,1.0,7.0
Parris Campbell,rec_yds,6.5,0.0,6.5,7.5,4,DAL,1.0,6.5
Patrick Taylor,rec_yds,6.5,0.0,6.5,6.2,4,,1.0,6.5
Alex Bachman,rec_yds,6.0,0.0,6.0,10.8,4,LV,1.0,6.0
Blake Corum,rec_yds,6.0,-5.0,8.0,6.3,14,LA,1.0,6.0
Brenden Bates,rec_yds,6.0,0.0,6.0,9.6,5,CLE,1.0,6.0
C.J. Ham,rec_yds,6.0,0.0,7.5,7.7,6,MIN,1.0,6.0
Cam Akers,rec_yds,6.0,0.0,6.5,6.8,10,SEA,1.0,6.0
Chris Brooks,rec_yds,6.0,0.0,6.0,9.1,18,GB,1.0,6.0
Chris Rodriguez Jr.,rec_yds,6.0,0.0,6.0,8.4,5,WAS,1.0,6.0
Christian Kirk,rec_yds,6.0,-3.0,13.0,21.4,19,HOU,1.0,6.0
Cordarrelle Patterson,rec_yds,6.0,-2.0,12.0,11.4,7,,1.0,6.0
Dare Ogunbowale,rec_yds,6.0,0.0,7.0,10.8,20,HOU,1.0,6.0
Dareke Young,rec_yds,6.0,0.0,6.0,12.0,4,SEA,1.0,6.0
David Martin-Robinson,rec_yds,6.0,0.0,6.0,6.0,6,TEN,1.0,6.0
Hayden Hurst,rec_yds,6.0,0.0,6.0,10.4,7,,1.0,6.0
Jake Bobo,rec_yds,6.0,0.0,7.0,7.9,13,SEA,1.0,6.0
Jaleel McLaughlin,rec_yds,6.0,-5.0,6.5,5.6,17,DEN,1.0,6.0
John FitzPatrick,rec_yds,6.0,0.0,5.5,7.2,11,GB,1.0,6.0
Justin Watson,rec_yds,6.0,0.0,6.0,14.8,17,HOU,1.0,6.0
Laviska Shenault Jr.,rec_yds,6.0,0.0,6.0,7.2,5,,1.0,6.0
Terrace Marshall Jr.,rec_yds,6.0,0.0,6.0,8.2,5,,1.0,6.0
Tommy Tremble,rec_yds,6.0,0.0,6.0,16.2,25,CAR,1.0,6.0
Trent Sherfield,rec_yds,6.0,0.0,7.5,7.9,12,ARI,1.0,6.0
Eric Gray,rec_yds,5.5,2.0,7.0,11.7,7,NYG,1.0,5.5
Ezekiel Elliott,rec_yds,5.5,0.0,6.0,7.7,9,,1.0,5.5
KeAndre Lambert-Smith,rec_yds,5.5,0.0,1.0,7.3,7,LAC,1.0,5.5
LeQuint Allen Jr.,rec_yds,5.5,1.0,6.0,6.0,9,JAX,1.0,5.5
Ameer Abdullah,rec_yds,5.0,0.0,4.5,9.0,24,IND,1.0,5.0
Antonio Gibson,rec_yds,5.0,0.0,6.5,9.3,16,NE,1.0,5.0
Bhayshul Tuten,rec_yds,5.0,-3.0,5.0,7.9,10,JAX,1.0,5.0
Carson Steele,rec_yds,5.0,0.0,3.5,4.3,6,,1.0,5.0
Connor Heyward,rec_yds,5.0,0.0,4.0,6.8,9,PIT,1.0,5.0
Derius Davis,rec_yds,5.0,0.0,4.5,9.7,12,LAC,1.0,5.0
Durham Smythe,rec_yds,5.0,0.0,6.5,5.4,17,CHI,1.0,5.0
Elijah Arroyo,rec_yds,5.0,0.0,5.5,14.1,13,SEA,1.0,5.0
Isaiah Hodgins,rec_yds,5.0,0.0,6.0,15.9,8,NYG,1.0,5.0
James Proche,rec_yds,5.0,0.0,5.0,10.8,8,TEN,1.0,5.0
Javonte Williams,rec_yds,5.0,0.0,3.5,5.9,32,DAL,1.0,5.0
Jordan Mason,rec_yds,5.0,1.0,5.5,5.6,17,MIN,1.0,5.0
Konata Mumpfield,rec_yds,5.0,0.0,5.0,10.2,9,LA,1.0,5.0
Kylen Granson,rec_yds,5.0,1.0,4.5,13.2,18,PHI,1.0,5.0
Michael Burton,rec_yds,5.0,-2.0,4.0,8.1,8,,1.0,5.0
Mitchell Evans,rec_yds,5.0,0.0,12.5,13.0,13,CAR,1.0,5.0
Nick Chubb,rec_yds,5.0,-5.0,3.5,6.7,18,HOU,1.0,5.0
Pharaoh Brown,rec_yds,5.0,0.0,6.0,7.3,9,ARI,1.0,5.0
Tyler Allgeier,rec_yds,5.0,-6.0,5.5,9.6,19,ATL,1.0,5.0
Tyler Badie,rec_yds,5.0,0.0,5.5,9.5,15,DEN,1.0,5.0
Tyler Goodson,rec_yds,5.0,0.0,6.5,8.6,8,IND,1.0,5.0
Zamir White,rec_yds,5.0,0.0,5.0,7.7,7,LV,1.0,5.0
Trenton Irwin,rec_yds,4.5,0.0,4.5,3.8,4,,1.0,4.5
Alec Ingold,rec_yds,4.0,0.0,6.5,8.8,14,MIA,1.0,4.0
Andrew Beck,rec_yds,4.0,0.0,2.0,5.0,9,NYJ,1.0,4.0
Anthony Firkser,rec_yds,4.0,0.0,4.0,10.6,5,DET,1.0,4.0
Brevyn Spann-Ford,rec_yds,4.0,0.0,4.0,9.0,16,DAL,1.0,4.0
Brian Robinson,rec_yds,4.0,-1.0,4.0,4.0,20,SF,1.0,4.0
Devin Singletary,rec_yds,4.0,-1.0,6.0,15.1,22,NYG,1.0,4.0
J.K. Dobbins,rec_yds,4.0,-2.0,4.5,3.7,23,DEN,1.0,4.0
JaMycal Hasty,rec_yds,4.0,-3.0,2.0,9.8,6,,1.0,4.0
Jack Stoll,rec_yds,4.0,0.0,5.0,5.6,10,NO,1.0,4.0
Jaylen Wright,rec_yds,4.0,0.0,2.0,5.8,9,MIA,1.0,4.0
Jonnu Smith,rec_yds,4.0,0.0,5.0,8.8,34,PIT,1.0,4.0
Josh Whyle,rec_yds,4.0,0.0,6.0,13.3,20,GB,1.0,4.0
Josiah Deguara,rec_yds,4.0,0.0,4.0,5.0,7,ARI,1.0,4.0
Kenny Yeboah,rec_yds,4.0,0.0,7.5,7.8,6,,1.0,4.0
Khalil Herbert,rec_yds,4.0,0.0,4.0,4.8,6,NYJ,1.0,4.0
Patrick Ricard,rec_yds,4.0,0.0,3.0,4.3,7,BAL,1.0,4.0
Woody Marks,rec_yds,4.0,-5.0,5.5,9.2,15,HOU,1.0,4.0
Harrison Bryant,rec_yds,3.5,0.0,5.0,10.3,9,HOU,1.0,3.5
Ross Dwelley,rec_yds,3.5,0.0,3.5,3.0,4,DET,1.0,3.5
Ben Sims,rec_yds,3.0,0.0,3.0,10.3,7,MIN,1.0,3.0
DeeJay Dallas,rec_yds,3.0,0.0,3.0,2.8,4,JAX,1.0,3.0
Devin Duvernay,rec_yds,3.0,0.0,3.5,10.5,10,CHI,1.0,3.0
Jacory Croskey-Merritt,rec_yds,3.0,-1.0,4.0,6.8,10,WAS,1.0,3.0
K.J. Osborn,rec_yds,3.0,0.0,5.0,9.5,6,,1.0,3.0
Xavier Gipson,rec_yds,3.0,-1.0,3.0,5.6,8,PHI,1.0,3.0
Allen Robinson,rec_yds,2.0,0.0,1.0,5.0,6,,1.0,2.0
Gerald Everett,rec_yds,2.0,0.0,1.0,4.0,9,,1.0,2.0
Jalen Reagor,rec_yds,2.0,0.0,4.0,14.3,7,,1.0,2.0
Ollie Gordon II,rec_yds,2.0,0.0,2.0,4.0,8,MIA,1.0,2.0
Scott Matlock,rec_yds,2.0,1.0,4.5,5.0,8,LAC,1.0,2.0
Sean Tucker,rec_yds,2.0,-4.0,3.0,5.2,14,TB,1.0,2.0
Tank Bigsby,rec_yds,2.0,-1.0,1.5,5.0,13,PHI,1.0,2.0
Tylan Wallace,rec_yds,2.0,0.0,4.0,6.9,14,BAL,1.0,2.0
Gus Edwards,rec_yds,1.5,0.0,1.5,1.5,4,,1.0,1.5
Eric Tomlinson,rec_yds,1.0,0.0,1.0,2.2,4,,1.0,1.0
MyCole Pruitt,rec_yds,1.0,-1.0,5.0,6.7,6,,1.0,1.0
Arian Smith,rec_yds,0.0,0.0,1.0,5.2,10,NYJ,1.0,0.0
Ashton Dulin,rec_yds,0.0,-8.0,0.0,11.9,11,IND,1.0,0.0
Austin Trammell,rec_yds,0.0,0.0,6.5,14.3,6,JAX,1.0,0.0
Blake Whiteheart,rec_yds,0.0,0.0,0.0,1.3,13,CLE,1.0,0.0
Bo Melton,rec_yds,0.0,0.0,9.0,14.4,15,GB,1.0,0.0
Braxton Berrios,rec_yds,0.0,-1.0,0.0,7.4,5,HOU,1.0,0.0
Chris Conley,rec_yds,0.0,0.0,0.0,10.9,7,,1.0,0.0
Ja'Lynn Polk,rec_yds,0.0,0.0,1.0,5.6,13,,1.0,0.0
Jalin Hyatt,rec_yds,0.0,0.0,4.0,9.1,15,NYG,1.0,0.0
Javon Baker,rec_yds,0.0,0.0,0.0,3.0,4,,1.0,0.0
Johnny Wilson,rec_yds,0.0,0.0,0.0,4.2,9,,1.0,0.0
Jonathan Mingo,rec_yds,0.0,0.0,1.0,7.1,19,DAL,1.0,0.0
Julius Chestnut,rec_yds,0.0,0.0,0.0,2.2,5,TEN,1.0,0.0
Kameron Johnson,rec_yds,0.0,0.0,0.0,12.8,5,TB,1.0,0.0
Amon-Ra St. Brown,receptions,8.0,0.0,7.0,6.7,34,DET,1.0,8.0
Ja'Marr Chase,receptions,8.0,3.0,7.5,8.3,33,CIN,1.0,8.0
Trey McBride,receptions,8.0,4.0,8.5,7.9,33,ARI,1.0,8.0
Jaxon Smith-Njigba,receptions,7.0,2.0,7.5,6.9,34,SEA,1.0,7.0
Puka Nacua,receptions,7.0,5.0,7.0,7.5,27,LA,1.0,7.0
Rashee Rice,receptions,7.0,4.0,7.0,7.0,11,KC,1.0,7.0
A.J. Brown,receptions,6.0,2.0,6.0,5.9,28,PHI,1.0,6.0
CeeDee Lamb,receptions,6.0,1.0,6.0,5.4,28,DAL,1.0,6.0
Chris Olave,receptions,6.0,3.0,5.5,6.1,24,NO,1.0,6.0
Garrett Wilson,receptions,6.0,0.0,6.0,5.3,24,NYJ,1.0,6.0
George Kittle,receptions,6.0,4.0,5.5,5.3,26,SF,1.0,6.0
Jameson Williams,receptions,6.0,0.0,5.5,4.8,32,DET,1.0,6.0
Kenny Gainwell,receptions,6.0,2.0,5.5,5.0,31,PIT,1.0,6.0
Kyle Pitts,receptions,6.0,2.0,5.0,4.9,34,ATL,1.0,6.0
Wan'Dale Robinson,receptions,6.0,3.0,6.0,6.3,33,NYG,1.0,6.0
Bijan Robinson,receptions,5.0,2.0,4.5,4.6,34,ATL,1.0,5.0
Brock Bowers,receptions,5.0,1.0,5.0,5.4,29,LV,1.0,5.0
Christian McCaffrey,receptions,5.0,1.0,5.0,4.9,21,SF,1.0,5.0
Dalton Schultz,receptions,5.0,1.0,5.5,5.0,34,HOU,1.0,5.0
Drake London,receptions,5.0,1.0,5.5,5.7,29,ATL,1.0,5.0
George Pickens,receptions,5.0,1.0,6.0,5.7,31,DAL,1.0,5.0
Jakobi Meyers,receptions,5.0,4.0,4.5,4.6,31,JAX,1.0,5.0
Khalil Shakir,receptions,5.0,1.0,5.5,4.7,31,BUF,1.0,5.0
Malik Nabers,receptions,5.0,2.0,6.0,6.0,19,NYG,1.0,5.0
Michael Wilson,receptions,5.0,2.0,5.0,6.3,33,ARI,1.0,5.0
Mike Evans,receptions,5.0,0.0,5.0,4.7,22,TB,1.0,5.0
Parker Washington,receptions,5.0,1.0,4.5,4.5,27,JAX,1.0,5.0
Sam LaPorta,receptions,5.0,3.0,5.0,4.7,25,DET,1.0,5.0
Tee Higgins,receptions,5.0,3.0,5.0,4.6,27,CIN,1.0,5.0
Tyreek Hill,receptions,5.0,2.0,5.5,5.3,21,MIA,1.0,5.0
Alec Pierce,receptions,4.0,0.0,4.0,3.1,31,IND,1.0,4.0
Cade Otton,receptions,4.0,2.0,4.0,4.4,29,TB,1.0,4.0
Chase Brown,receptions,4.0,2.0,4.0,4.7,32,CIN,1.0,4.0
Chimere Dike,receptions,4.0,1.0,3.5,3.5,16,TEN,1.0,4.0
Chris Godwin Jr.,receptions,4.0,1.0,3.5,4.0,16,TB,1.0,4.0
Christian Watson,receptions,4.0,2.0,4.0,3.5,24,GB,1.0,4.0
Colby Parkinson,receptions,4.0,2.0,4.0,3.6,29,LA,1.0,4.0
Colston Loveland,receptions,4.0,3.0,4.0,4.7,16,CHI,1.0,4.0
Courtland Sutton,receptions,4.0,1.0,4.0,4.1,33,DEN,1.0,4.0
DK Metcalf,receptions,4.0,3.0,3.5,4.0,30,PIT,1.0,4.0
Davante Adams,receptions,4.0,1.0,4.5,4.3,28,LA,1.0,4.0
DeVonta Smith,receptions,4.0,2.0,4.0,3.9,30,PHI,1.0,4.0
Harold Fannin Jr.,receptions,4.0,2.0,4.0,4.4,16,CLE,1.0,4.0
Hunter Henry,receptions,4.0,1.0,4.0,3.6,33,NE,1.0,4.0
Isaiah Williams,receptions,4.0,0.0,2.5,2.8,10,NYJ,1.0,4.0
Jahmyr Gibbs,receptions,4.0,2.0,3.5,5.1,32,DET,1.0,4.0
Jalen McMillan,receptions,4.0,1.0,4.5,3.8,17,TB,1.0,4.0
James Conner,receptions,4.0,1.0,4.0,3.6,19,ARI,1.0,4.0
Jauan Jennings,receptions,4.0,2.0,4.0,4.1,30,SF,1.0,4.0
Justin Jefferson,receptions,4.0,2.0,4.0,4.3,34,MIN,1.0,4.0
Juwan Johnson,receptions,4.0,3.0,4.0,4.6,32,NO,1.0,4.0
Keenan Allen,receptions,4.0,1.0,4.0,3.7,32,LAC,1.0,4.0
Ladd McConkey,receptions,4.0,1.0,4.0,3.8,32,LAC,1.0,4.0
Luther Burden III,receptions,4.0,3.0,3.0,3.6,15,CHI,1.0,4.0
Mack Hollins,receptions,4.0,2.0,3.5,3.9,30,NE,1.0,4.0
Nico Collins,receptions,4.0,3.0,4.0,4.9,27,HOU,1.0,4.0
Pat Bryant,receptions,4.0,1.0,2.5,2.9,12,DEN,1.0,4.0
Quentin Johnston,receptions,4.0,0.0,4.0,3.7,28,LAC,1.0,4.0
Ricky Pearsall,receptions,4.0,1.0,4.0,4.2,19,SF,1.0,4.0
Tank Dell,receptions,4.0,1.0,4.0,3.8,14,,1.0,4.0
Tetairoa McMillan,receptions,4.0,1.0,4.0,4.0,17,CAR,1.0,4.0
Travis Kelce,receptions,4.0,1.0,4.5,4.5,33,KC,1.0,4.0
Troy Franklin,receptions,4.0,0.0,4.0,3.8,33,DEN,1.0,4.0
Tucker Kraft,receptions,4.0,2.0,3.5,3.8,25,GB,1.0,4.0
Tyler Warren,receptions,4.0,2.0,4.5,4.3,17,IND,1.0,4.0
Zach Ertz,receptions,4.0,1.0,4.0,3.8,30,WAS,1.0,4.0
Zay Flowers,receptions,4.0,2.0,4.0,4.5,34,BAL,1.0,4.0
Jake Tonges,receptions,3.5,1.0,3.0,3.8,9,SF,1.0,3.5
AJ Barner,receptions,3.0,2.0,3.0,3.5,30,SEA,1.0,3.0
Aaron Jones,receptions,3.0,0.0,3.0,2.5,29,MIN,1.0,3.0
Alexander Mattison,receptions,3.0,1.0,3.0,2.9,12,,1.0,3.0
Alvin Kamara,receptions,3.0,1.0,3.0,3.1,25,NO,1.0,3.0
Amari Cooper,receptions,3.0,1.0,3.5,3.2,13,,1.0,3.0
Ashton Jeanty,receptions,3.0,1.0,3.5,4.0,16,LV,1.0,3.0
Audric Estimé,receptions,3.0,1.0,3.0,2.4,7,NO,1.0,3.0
Bam Knight,receptions,3.0,1.0,3.0,2.4,9,ARI,1.0,3.0
Brashard Smith,receptions,3.0,0.0,3.0,2.5,12,KC,1.0,3.0
Brenton Strange,receptions,3.0,1.0,4.0,3.9,26,JAX,1.0,3.0
Brian Thomas Jr.,receptions,3.0,2.0,3.0,3.6,31,JAX,1.0,3.0
Chig Okonkwo,receptions,3.0,2.0,3.0,3.3,33,TEN,1.0,3.0
Dallas Goedert,receptions,3.0,2.0,3.0,3.6,25,PHI,1.0,3.0
Dalton Kincaid,receptions,3.0,0.0,3.0,3.1,25,BUF,1.0,3.0
Dawson Knox,receptions,3.0,1.0,3.0,2.8,30,BUF,1.0,3.0
De'Von Achane,receptions,3.0,0.0,4.0,3.8,32,MIA,1.0,3.0
Deebo Samuel Sr.,receptions,3.0,2.0,3.5,3.8,30,WAS,1.0,3.0
Devaughn Vele,receptions,3.0,1.0,2.5,2.9,22,NO,1.0,3.0
Devin Neal,receptions,3.0,1.0,3.0,2.4,7,NO,1.0,3.0
Elic Ayomanor,receptions,3.0,1.0,2.5,2.4,16,TEN,1.0,3.0
Emeka Egbuka,receptions,3.0,1.0,3.0,3.2,17,TB,1.0,3.0
Greg Dulcich,receptions,3.0,2.0,2.5,2.6,12,MIA,1.0,3.0
Isaac Guerendo,receptions,3.0,1.0,2.5,2.5,6,SF,1.0,3.0
Jake Ferguson,receptions,3.0,1.0,3.5,3.1,31,DAL,1.0,3.0
Jalen Coker,receptions,3.0,2.0,3.0,3.3,22,CAR,1.0,3.0
Jayden Reed,receptions,3.0,1.0,3.0,3.0,22,GB,1.0,3.0
Jaylen Waddle,receptions,3.0,0.0,4.0,3.5,31,MIA,1.0,3.0
Jerry Jeudy,receptions,3.0,1.0,3.0,2.8,34,CLE,1.0,3.0
John Metchie III,receptions,3.0,1.0,3.0,3.1,22,NYJ,1.0,3.0
Jonathan Taylor,receptions,3.0,2.0,3.0,2.6,27,IND,1.0,3.0
Jordan Akins,receptions,3.0,0.0,2.0,2.4,16,,1.0,3.0
Josh Downs,receptions,3.0,2.0,3.0,3.2,30,IND,1.0,3.0
Malik Washington,receptions,3.0,1.0,3.0,2.5,28,MIA,1.0,3.0
Marvin Harrison Jr.,receptions,3.0,0.0,3.0,3.4,29,ARI,1.0,3.0
Mason Taylor,receptions,3.0,1.0,3.5,3.8,13,NYJ,1.0,3.0
Michael Mayer,receptions,3.0,1.0,3.0,2.9,23,LV,1.0,3.0
Michael Pittman,receptions,3.0,1.0,3.5,4.5,33,IND,1.0,3.0
Pat Freiermuth,receptions,3.0,1.0,3.0,2.8,32,PIT,1.0,3.0
Quinshon Judkins,receptions,3.0,0.0,2.5,2.2,12,CLE,1.0,3.0
RJ Harvey,receptions,3.0,0.0,3.0,3.0,17,DEN,1.0,3.0
Romeo Doubs,receptions,3.0,0.0,3.0,3.1,29,GB,1.0,3.0
Ryan Flournoy,receptions,3.0,0.0,2.5,3.0,20,DAL,1.0,3.0
Stefon Diggs,receptions,3.0,2.0,3.0,4.6,25,NE,1.0,3.0
Sterling Shepard,receptions,3.0,1.0,2.5,2.8,26,TB,1.0,3.0
T.J. Hockenson,receptions,3.0,1.0,2.5,3.2,25,MIN,1.0,3.0
Terry McLaurin,receptions,3.0,3.0,3.0,3.8,27,WAS,1.0,3.0
Theo Johnson,receptions,3.0,0.0,3.0,3.0,25,NYG,1.0,3.0
Travis Hunter,receptions,3.0,1.0,3.0,4.0,7,JAX,1.0,3.0
Tre Tucker,receptions,3.0,0.0,3.0,2.8,34,LV,1.0,3.0
Tyjae Spears,receptions,3.0,1.0,3.5,3.8,22,TEN,1.0,3.0
Tyler Higbee,receptions,3.0,1.0,3.0,3.0,12,LA,1.0,3.0
Xavier Worthy,receptions,3.0,0.0,3.0,2.9,30,KC,1.0,3.0
Zack Moss,receptions,3.0,1.0,3.0,2.9,8,,1.0,3.0
Jamison Crowder,receptions,2.5,1.0,2.5,2.2,4,,1.0,2.5
Ty Chandler,receptions,2.5,1.0,2.5,2.2,4,MIN,1.0,2.5
Adam Trautman,receptions,2.0,1.0,2.0,1.9,24,DEN,1.0,2.0
Adonai Mitchell,receptions,2.0,0.0,1.5,2.5,33,NYJ,1.0,2.0
Andrei Iosivas,receptions,2.0,0.0,2.0,2.2,32,CIN,1.0,2.0
Austin Ekeler,receptions,2.0,1.0,2.0,2.9,14,WAS,1.0,2.0
Austin Hooper,receptions,2.0,0.0,1.5,1.5,30,NE,1.0,2.0
Brandon Aiyuk,receptions,2.0,2.0,2.0,3.6,7,,1.0,2.0
Breece Hall,receptions,2.0,0.0,2.0,1.9,31,NYJ,1.0,2.0
Brock Wright,receptions,2.0,0.0,2.0,1.7,17,DET,1.0,2.0
Bub Means,receptions,2.0,0.0,2.0,2.2,4,,1.0,2.0
Bucky Irving,receptions,2.0,1.0,3.0,3.2,25,TB,1.0,2.0
Cade Stover,receptions,2.0,0.0,1.5,1.7,19,HOU,1.0,2.0
Calvin Ridley,receptions,2.0,1.0,3.0,2.8,24,TEN,1.0,2.0
Cam Akers,receptions,2.0,0.0,1.5,1.4,10,SEA,1.0,2.0
Cam Skattebo,receptions,2.0,1.0,2.0,3.0,8,NYG,1.0,2.0
Chris Moore,receptions,2.0,0.0,1.5,1.4,8,WAS,1.0,2.0
Christian Kirk,receptions,2.0,1.0,2.5,2.5,19,HOU,1.0,2.0
Cole Kmet,receptions,2.0,1.0,2.0,2.1,30,CHI,1.0,2.0
Cooper Kupp,receptions,2.0,1.0,2.0,2.4,28,SEA,1.0,2.0
Curtis Samuel,receptions,2.0,1.0,2.0,2.6,18,BUF,1.0,2.0
D'Andre Swift,receptions,2.0,1.0,1.5,1.8,32,CHI,1.0,2.0
DJ Turner,receptions,2.0,1.0,2.0,1.8,9,LV,1.0,2.0
Daniel Bellinger,receptions,2.0,0.0,1.5,1.7,19,NYG,1.0,2.0
Dante Pettis,receptions,2.0,0.0,2.0,1.9,12,NO,1.0,2.0
Darius Cooper,receptions,2.0,1.0,2.0,1.8,5,PHI,1.0,2.0
Darius Slayton,receptions,2.0,1.0,2.5,2.8,30,NYG,1.0,2.0
Darnell Mooney,receptions,2.0,1.0,2.0,2.1,31,ATL,1.0,2.0
Darnell Washington,receptions,2.0,1.0,2.5,2.5,26,PIT,1.0,2.0
Darren Waller,receptions,2.0,1.0,2.5,3.0,8,MIA,1.0,2.0
David Moore,receptions,2.0,1.0,2.0,2.4,15,CAR,1.0,2.0
David Njoku,receptions,2.0,1.0,2.5,3.0,22,CLE,1.0,2.0
Davis Allen,receptions,2.0,0.0,2.0,1.8,21,LA,1.0,2.0
DeMario Douglas,receptions,2.0,1.0,2.0,2.1,31,NE,1.0,2.0
Demarcus Robinson,receptions,2.0,0.0,2.0,1.6,31,SF,1.0,2.0
Dontayvion Wicks,receptions,2.0,1.0,2.0,2.2,30,GB,1.0,2.0
Dyami Brown,receptions,2.0,0.0,2.0,2.0,25,JAX,1.0,2.0
Dylan Sampson,receptions,2.0,0.0,2.0,2.2,13,CLE,1.0,2.0
Elijah Higgins,receptions,2.0,0.0,2.0,2.2,29,ARI,1.0,2.0
Emari Demercado,receptions,2.0,0.0,1.5,1.3,18,ARI,1.0,2.0
Erick All,receptions,2.0,0.0,2.0,2.5,8,,1.0,2.0
Evan Engram,receptions,2.0,1.0,2.5,2.8,25,DEN,1.0,2.0
Greg Dortch,receptions,2.0,2.0,2.0,2.9,27,ARI,1.0,2.0
Gunnar Helm,receptions,2.0,1.0,3.0,3.1,16,TEN,1.0,2.0
Hunter Long,receptions,2.0,1.0,1.5,1.4,14,JAX,1.0,2.0
Hunter Renfrow,receptions,2.0,1.0,2.0,2.5,6,CAR,1.0,2.0
Isaiah Likely,receptions,2.0,1.0,2.0,2.6,26,BAL,1.0,2.0
Isiah Pacheco,receptions,2.0,1.0,1.5,2.0,15,KC,1.0,2.0
Ja'Tavion Sanders,receptions,2.0,1.0,2.0,2.7,26,CAR,1.0,2.0
Jack Bech,receptions,2.0,0.0,2.0,1.8,12,LV,1.0,2.0
James Cook,receptions,2.0,1.0,2.0,2.1,27,BUF,1.0,2.0
Javonte Williams,receptions,2.0,0.0,1.5,1.8,32,DAL,1.0,2.0
Jayden Higgins,receptions,2.0,1.0,2.5,2.8,17,HOU,1.0,2.0
Jaylen Warren,receptions,2.0,2.0,2.0,2.7,29,PIT,1.0,2.0
Jaylin Noel,receptions,2.0,0.0,2.0,2.3,13,HOU,1.0,2.0
Jeremy McNichols,receptions,2.0,1.0,2.0,2.0,19,WAS,1.0,2.0
Jeremy Ruckert,receptions,2.0,1.0,2.0,1.9,26,NYJ,1.0,2.0
Jerome Ford,receptions,2.0,0.0,2.0,2.5,23,CLE,1.0,2.0
Joe Mixon,receptions,2.0,1.0,2.0,2.8,13,,1.0,2.0
Jordan Addison,receptions,2.0,0.0,2.0,2.1,29,MIN,1.0,2.0
Jordan Mims,receptions,2.0,1.0,2.0,2.4,5,TEN,1.0,2.0
Josh Jacobs,receptions,2.0,0.0,2.0,2.1,28,GB,1.0,2.0
Josh Reynolds,receptions,2.0,0.0,1.0,1.3,13,NYJ,1.0,2.0
Justice Hill,receptions,2.0,1.0,2.5,2.6,23,BAL,1.0,2.0
KaVontae Turpin,receptions,2.0,0.0,1.5,1.4,30,DAL,1.0,2.0
Kalif Raymond,receptions,2.0,0.0,2.0,2.1,21,DET,1.0,2.0
Kayshon Boutte,receptions,2.0,0.0,2.0,2.3,29,NE,1.0,2.0
Kendrick Bourne,receptions,2.0,0.0,2.0,1.9,26,SF,1.0,2.0
Kenneth Walker III,receptions,2.0,1.0,2.5,2.3,27,SEA,1.0,2.0
Keon Coleman,receptions,2.0,2.0,3.0,2.7,25,BUF,1.0,2.0
Kevin Austin Jr.,receptions,2.0,0.0,1.0,1.8,13,NO,1.0,2.0
Kyren Williams,receptions,2.0,0.0,2.0,1.8,29,LA,1.0,2.0
Lil'Jordan Humphrey,receptions,2.0,0.0,2.0,1.7,21,DEN,1.0,2.0
Lucas Krull,receptions,2.0,1.0,2.0,1.8,12,DEN,1.0,2.0
Luke Musgrave,receptions,2.0,1.0,1.5,2.0,20,GB,1.0,2.0
Mark Andrews,receptions,2.0,1.0,2.0,2.4,34,BAL,1.0,2.0
Marquise Brown,receptions,2.0,1.0,2.0,1.9,18,KC,1.0,2.0
Marvin Mims Jr.,receptions,2.0,0.0,2.0,2.5,30,DEN,1.0,2.0
Mason Tipton,receptions,2.0,0.0,1.5,1.9,15,NO,1.0,2.0
Michael Carter,receptions,2.0,0.0,2.5,2.8,14,ARI,1.0,2.0
Mike Gesicki,receptions,2.0,1.0,2.0,2.4,28,CIN,1.0,2.0
Miles Sanders,receptions,2.0,1.0,2.0,2.4,14,DAL,1.0,2.0
Najee Harris,receptions,2.0,0.0,2.0,2.5,17,LAC,1.0,2.0
Noah Brown,receptions,2.0,1.0,2.5,2.6,15,WAS,1.0,2.0
Noah Gray,receptions,2.0,0.0,1.5,1.6,29,KC,1.0,2.0
Olamide Zaccheaus,receptions,2.0,0.0,2.0,2.5,29,CHI,1.0,2.0
Omarion Hampton,receptions,2.0,1.0,2.0,3.6,9,LAC,1.0,2.0
Oronde Gadsden II,receptions,2.0,1.0,2.5,2.7,15,LAC,1.0,2.0
Pierre Strong,receptions,2.0,0.0,2.0,1.6,9,,1.0,2.0
Rachaad White,receptions,2.0,1.0,2.0,2.1,32,TB,1.0,2.0
Rasheen Ali,receptions,2.0,0.0,2.0,1.5,6,BAL,1.0,2.0
Rhamondre Stevenson,receptions,2.0,1.0,2.0,2.1,28,NE,1.0,2.0
Rico Dowdle,receptions,2.0,1.0,2.5,2.7,31,CAR,1.0,2.0
Robert Woods,receptions,2.0,0.0,2.0,1.7,12,,1.0,2.0
Rome Odunze,receptions,2.0,0.0,2.5,3.1,29,CHI,1.0,2.0
Savion Williams,receptions,2.0,1.0,1.5,1.7,6,GB,1.0,2.0
Scott Miller,receptions,2.0,0.0,2.0,1.6,9,PIT,1.0,2.0
Stone Smartt,receptions,2.0,0.0,2.0,2.3,10,NYJ,1.0,2.0
Taysom Hill,receptions,2.0,0.0,2.0,2.6,14,NO,1.0,2.0
Tony Pollard,receptions,2.0,1.0,2.0,2.4,29,TEN,1.0,2.0
Travis Etienne,receptions,2.0,1.0,2.0,2.2,32,JAX,1.0,2.0
Tre Harris,receptions,2.0,1.0,2.0,2.1,16,LAC,1.0,2.0
TreVeyon Henderson,receptions,2.0,1.0,2.0,2.4,13,NE,1.0,2.0
Ty Johnson,receptions,2.0,2.0,2.0,2.3,26,BUF,1.0,2.0
Tyler Boyd,receptions,2.0,1.0,2.5,2.9,14,,1.0,2.0
Tyler Lockett,receptions,2.0,1.0,2.0,2.2,34,LV,1.0,2.0
Tyrone Tracy Jr.,receptions,2.0,1.0,2.5,2.8,29,NYG,1.0,2.0
Van Jefferson,receptions,2.0,1.0,2.0,2.1,29,TEN,1.0,2.0
Xavier Hutchinson,receptions,2.0,0.0,2.0,2.3,29,HOU,1.0,2.0
Xavier Smith,receptions,2.0,1.0,1.5,1.8,11,LA,1.0,2.0
Zach Charbonnet,receptions,2.0,0.0,2.0,1.8,26,SEA,1.0,2.0
Zay Jones,receptions,2.0,0.0,1.5,1.9,12,ARI,1.0,2.0
Britain Covey,receptions,1.5,0.0,1.5,2.2,4,PHI,1.0,1.5
Brycen Tremayne,receptions,1.5,0.0,2.0,1.7,9,CAR,1.0,1.5
Deven Thompkins,receptions,1.5,1.0,1.5,1.8,4,ATL,1.0,1.5
Roschon Johnson,receptions,1.5,1.0,2.0,2.3,7,CHI,1.0,1.5
Tory Horton,receptions,1.5,0.0,2.0,1.9,7,SEA,1.0,1.5
Trayveon Williams,receptions,1.5,1.0,1.5,2.0,4,CLE,1.0,1.5
Trey Benson,receptions,1.5,1.0,1.0,2.1,9,ARI,1.0,1.5
Adam Thielen,receptions,1.0,0.0,1.0,1.5,24,PIT,1.0,1.0
Alec Ingold,receptions,1.0,0.0,1.0,1.2,14,MIA,1.0,1.0
Alex Bachman,receptions,1.0,0.0,1.0,1.2,4,LV,1.0,1.0
Allen Lazard,receptions,1.0,0.0,1.0,1.3,21,NYJ,1.0,1.0
Ameer Abdullah,receptions,1.0,0.0,1.0,1.5,24,IND,1.0,1.0
Anthony Firkser,receptions,1.0,0.0,1.0,1.6,5,DET,1.0,1.0
Antonio Gibson,receptions,1.0,0.0,1.0,1.3,16,NE,1.0,1.0
Ben Sims,receptions,1.0,0.0,1.0,1.0,7,MIN,1.0,1.0
Ben Sinnott,receptions,1.0,1.0,1.0,1.3,12,WAS,1.0,1.0
Bhayshul Tuten,receptions,1.0,0.0,1.0,1.0,10,JAX,1.0,1.0
Blake Corum,receptions,1.0,0.0,1.0,1.1,14,LA,1.0,1.0
Braelon Allen,receptions,1.0,0.0,1.0,1.3,15,NYJ,1.0,1.0
Brandin Cooks,receptions,1.0,0.0,1.0,1.6,23,BUF,1.0,1.0
Brandon Powell,receptions,1.0,0.0,1.0,1.0,7,,1.0,1.0
Brian Robinson,receptions,1.0,0.0,1.0,1.1,20,SF,1.0,1.0
Bryce Oliver,receptions,1.0,1.0,1.0,1.2,6,TEN,1.0,1.0
C.J. Ham,receptions,1.0,0.0,1.0,1.2,6,MIN,1.0,1.0
Calvin Austin III,receptions,1.0,0.0,1.5,2.1,31,PIT,1.0,1.0
Cam Grandy,receptions,1.0,1.0,1.0,1.2,6,CIN,1.0,1.0
Carson Steele,receptions,1.0,1.0,1.0,1.2,6,,1.0,1.0
Casey Washington,receptions,1.0,0.0,1.0,1.0,7,ATL,1.0,1.0
Cedric Tillman,receptions,1.0,0.0,1.0,1.4,20,CLE,1.0,1.0
Cedrick Wilson Jr.,receptions,1.0,0.0,1.0,1.2,16,MIA,1.0,1.0
Charlie Woerner,receptions,1.0,0.0,1.0,1.2,14,ATL,1.0,1.0
Chris Brooks,receptions,1.0,0.0,1.0,1.3,18,GB,1.0,1.0
Chuba Hubbard,receptions,1.0,1.0,1.0,1.5,27,CAR,1.0,1.0
Cody White,receptions,1.0,1.0,1.0,1.2,4,SEA,1.0,1.0
Connor Heyward,receptions,1.0,0.0,1.0,1.0,9,PIT,1.0,1.0
Cordarrelle Patterson,receptions,1.0,1.0,1.0,1.7,7,,1.0,1.0
D'Ernest Johnson,receptions,1.0,0.0,1.0,1.3,9,NE,1.0,1.0
D'Onta Foreman,receptions,1.0,0.0,1.0,1.0,6,,1.0,1.0
DJ Chark,receptions,1.0,0.0,1.0,1.0,4,,1.0,1.0
DJ Moore,receptions,1.0,1.0,1.5,2.4,34,CHI,1.0,1.0
Dare Ogunbowale,receptions,1.0,0.0,1.0,1.3,20,HOU,1.0,1.0
David Montgomery,receptions,1.0,0.0,1.5,1.5,30,DET,1.0,1.0
David Sills,receptions,1.0,0.0,1.0,1.5,12,ATL,1.0,1.0
DeAndre Carter,receptions,1.0,1.0,1.0,1.8,5,CLE,1.0,1.0
DeAndre Hopkins,receptions,1.0,0.0,1.0,1.2,33,BAL,1.0,1.0
Derius Davis,receptions,1.0,0.0,1.0,1.3,12,LAC,1.0,1.0
Derrick Henry,receptions,1.0,0.0,1.0,1.1,26,BAL,1.0,1.0
Devin Duvernay,receptions,1.0,0.0,1.0,1.3,10,CHI,1.0,1.0
Devin Singletary,receptions,1.0,1.0,1.0,1.8,22,NYG,1.0,1.0
Devontez Walker,receptions,1.0,0.0,1.0,1.0,7,BAL,1.0,1.0
Diontae Johnson,receptions,1.0,0.0,2.5,3.1,11,,1.0,1.0
Drew Sample,receptions,1.0,1.0,1.0,1.5,22,CIN,1.0,1.0
Elijah Arroyo,receptions,1.0,0.0,1.0,1.2,13,SEA,1.0,1.0
Elijah Moore,receptions,1.0,0.0,1.0,1.3,25,BUF,1.0,1.0
Emanuel Wilson,receptions,1.0,1.0,1.0,1.5,19,GB,1.0,1.0
Eric Gray,receptions,1.0,1.0,1.0,1.4,7,NYG,1.0,1.0
Eric Saubert,receptions,1.0,0.0,1.0,1.3,12,SEA,1.0,1.0
Ezekiel Elliott,receptions,1.0,0.0,1.0,1.3,9,,1.0,1.0
Foster Moreau,receptions,1.0,0.0,1.5,1.6,22,NO,1.0,1.0
Gabe Davis,receptions,1.0,0.0,1.0,2.0,15,BUF,1.0,1.0
Gage Larvadain,receptions,1.0,0.0,1.5,1.2,6,CLE,1.0,1.0
Grant Calcaterra,receptions,1.0,0.0,1.0,1.2,21,PHI,1.0,1.0
Gunner Olszewski,receptions,1.0,0.0,1.0,2.5,4,NYG,1.0,1.0
Harrison Bryant,receptions,1.0,0.0,1.0,1.2,9,HOU,1.0,1.0
Hassan Haskins,receptions,1.0,1.0,1.0,1.4,5,LAC,1.0,1.0
Hayden Hurst,receptions,1.0,0.0,1.0,1.1,7,,1.0,1.0
Hunter Luepke,receptions,1.0,1.0,1.0,1.3,20,DAL,1.0,1.0
Ian Thomas,receptions,1.0,1.0,1.0,1.6,10,LV,1.0,1.0
Isaac TeSlaa,receptions,1.0,0.0,1.0,1.3,14,DET,1.0,1.0
Isaiah Bond,receptions,1.0,0.0,1.0,1.1,14,CLE,1.0,1.0
Isaiah Davis,receptions,1.0,0.0,1.0,1.8,17,NYJ,1.0,1.0
Isaiah Hodgins,receptions,1.0,0.0,1.0,1.5,8,NYG,1.0,1.0
J.K. Dobbins,receptions,1.0,0.0,1.0,1.1,23,DEN,1.0,1.0
JaMycal Hasty,receptions,1.0,0.0,1.0,1.7,6,,1.0,1.0
Jackson Hawes,receptions,1.0,1.0,1.0,1.3,13,BUF,1.0,1.0
Jahan Dotson,receptions,1.0,0.0,1.0,1.2,28,PHI,1.0,1.0
Jaleel McLaughlin,receptions,1.0,0.0,1.0,1.2,17,DEN,1.0,1.0
Jalen Brooks,receptions,1.0,1.0,1.0,1.1,14,ARI,1.0,1.0
Jalen Nailor,receptions,1.0,0.0,1.0,1.6,32,MIN,1.0,1.0
Jalen Reagor,receptions,1.0,0.0,1.0,1.0,7,,1.0,1.0
Jalen Tolbert,receptions,1.0,0.0,1.5,1.7,28,DAL,1.0,1.0
Jamaal Williams,receptions,1.0,1.0,1.0,1.3,7,,1.0,1.0
Jamari Thrash,receptions,1.0,0.0,1.0,1.0,14,CLE,1.0,1.0
James Proche,receptions,1.0,0.0,1.0,1.1,8,TEN,1.0,1.0
Jaylin Lane,receptions,1.0,0.0,1.0,1.3,13,WAS,1.0,1.0
Jermaine Burton,receptions,1.0,1.0,1.0,1.0,4,,1.0,1.0
Jimmy Horn Jr.,receptions,1.0,0.0,1.0,1.2,9,CAR,1.0,1.0
John Bates,receptions,1.0,0.0,1.0,1.1,19,WAS,1.0,1.0
John FitzPatrick,receptions,1.0,0.0,1.0,1.2,11,GB,1.0,1.0
Jonnu Smith,receptions,1.0,0.0,1.0,1.6,34,PIT,1.0,1.0
Jordan Mason,receptions,1.0,1.0,1.0,1.5,17,MIN,1.0,1.0
Jordan Whittington,receptions,1.0,0.0,1.0,1.4,18,LA,1.0,1.0
Josh Oliver,receptions,1.0,1.0,1.0,1.3,23,MIN,1.0,1.0
Josh Palmer,receptions,1.0,1.0,1.5,1.5,27,BUF,1.0,1.0
Josh Whyle,receptions,1.0,0.0,1.0,1.7,20,GB,1.0,1.0
JuJu Smith-Schuster,receptions,1.0,0.0,1.0,1.4,27,KC,1.0,1.0
Julian Hill,receptions,1.0,0.0,1.0,1.5,21,MIA,1.0,1.0
Justin Watson,receptions,1.0,0.0,1.0,1.2,17,HOU,1.0,1.0
K.J. Osborn,receptions,1.0,0.0,1.0,1.2,6,,1.0,1.0
Kareem Hunt,receptions,1.0,0.0,1.0,1.3,25,KC,1.0,1.0
Keaton Mitchell,receptions,1.0,0.0,1.0,1.2,8,BAL,1.0,1.0
Kendre Miller,receptions,1.0,0.0,1.0,1.1,9,NO,1.0,1.0
KhaDarel Hodge,receptions,1.0,0.0,1.0,1.2,8,ATL,1.0,1.0
Khalil Herbert,receptions,1.0,0.0,1.0,1.8,6,NYJ,1.0,1.0
Kimani Vidal,receptions,1.0,0.0,1.0,1.5,16,LAC,1.0,1.0
Konata Mumpfield,receptions,1.0,0.0,1.0,1.1,9,LA,1.0,1.0
Kyle Juszczyk,receptions,1.0,1.0,1.0,1.4,28,SF,1.0,1.0
Kyle Monangai,receptions,1.0,0.0,1.0,1.4,14,CHI,1.0,1.0
Kylen Granson,receptions,1.0,1.0,1.0,1.5,18,PHI,1.0,1.0
Laviska Shenault Jr.,receptions,1.0,1.0,1.0,1.0,5,,1.0,1.0
LeQuint Allen Jr.,receptions,1.0,1.0,1.0,1.1,9,JAX,1.0,1.0
Luke Farrell,receptions,1.0,0.0,1.0,1.2,19,SF,1.0,1.0
Luke McCaffrey,receptions,1.0,0.0,1.0,1.5,19,WAS,1.0,1.0
Luke Schoonmaker,receptions,1.0,0.0,1.0,1.1,24,DAL,1.0,1.0
Malachi Corley,receptions,1.0,0.0,1.0,1.2,12,CLE,1.0,1.0
Malik Heath,receptions,1.0,0.0,1.5,1.6,10,GB,1.0,1.0
Marquez Valdes-Scantling,receptions,1.0,0.0,1.0,1.7,22,PIT,1.0,1.0
Mason Kinsey,receptions,1.0,1.0,1.0,1.0,4,TEN,1.0,1.0
Matthew Golden,receptions,1.0,0.0,1.5,1.8,14,GB,1.0,1.0
Mecole Hardman,receptions,1.0,0.0,1.0,1.7,7,BUF,1.0,1.0
Michael Burton,receptions,1.0,1.0,1.0,1.2,8,,1.0,1.0
Mike Williams,receptions,1.0,0.0,1.0,1.3,13,,1.0,1.0
Mike Woods,receptions,1.0,0.0,1.0,1.4,5,,1.0,1.0
Mitchell Evans,receptions,1.0,0.0,1.0,1.4,13,CAR,1.0,1.0
Mitchell Tinsley,receptions,1.0,0.0,1.0,1.0,8,CIN,1.0,1.0
Mo Alie-Cox,receptions,1.0,0.0,1.0,1.2,23,IND,1.0,1.0
MyCole Pruitt,receptions,1.0,0.0,1.0,1.0,6,,1.0,1.0
Nate Adkins,receptions,1.0,0.0,1.5,1.3,18,DEN,1.0,1.0
Nelson Agholor,receptions,1.0,0.0,1.0,1.1,13,,1.0,1.0
Nick Chubb,receptions,1.0,0.0,1.0,1.3,18,HOU,1.0,1.0
Nick Vannett,receptions,1.0,0.0,1.0,1.3,12,,1.0,1.0
Nick Westbrook-Ikhine,receptions,1.0,0.0,1.0,1.5,22,MIA,1.0,1.0
Noah Fant,receptions,1.0,0.0,1.5,2.2,27,CIN,1.0,1.0
Odell Beckham Jr.,receptions,1.0,0.0,1.0,1.1,8,,1.0,1.0
Parris Campbell,receptions,1.0,0.0,1.0,1.5,4,DAL,1.0,1.0
Payne Durham,receptions,1.0,0.0,1.0,1.3,9,TB,1.0,1.0
Peyton Hendershot,receptions,1.0,1.0,1.0,1.2,4,,1.0,1.0
Pharaoh Brown,receptions,1.0,0.0,1.0,1.1,9,ARI,1.0,1.0
Quintin Morris,receptions,1.0,0.0,1.0,1.1,10,JAX,1.0,1.0
Raheem Mostert,receptions,1.0,1.0,1.0,1.4,19,LV,1.0,1.0
Rakim Jarrett,receptions,1.0,1.0,1.0,1.5,6,,1.0,1.0
Rashid Shaheed,receptions,1.0,0.0,1.0,2.0,24,SEA,1.0,1.0
Rashod Bateman,receptions,1.0,0.0,1.0,1.0,29,BAL,1.0,1.0
Ray Davis,receptions,1.0,0.0,1.0,1.2,21,BUF,1.0,1.0
Ray-Ray McCloud,receptions,1.0,0.0,1.5,2.4,22,NYG,1.0,1.0
River Cracraft,receptions,1.0,1.0,1.0,1.8,4,WAS,1.0,1.0
Robbie Chosen,receptions,1.0,0.0,1.0,1.5,4,WAS,1.0,1.0
Roman Wilson,receptions,1.0,0.0,1.0,1.3,9,PIT,1.0,1.0
Ronnie Bell,receptions,1.0,0.0,1.0,1.0,4,NO,1.0,1.0
Ryan Miller,receptions,1.0,0.0,1.0,1.0,12,TB,1.0,1.0
Samaje Perine,receptions,1.0,1.0,1.5,1.5,27,CIN,1.0,1.0
Saquon Barkley,receptions,1.0,0.0,1.5,2.0,31,PHI,1.0,1.0
Scott Matlock,receptions,1.0,1.0,1.0,1.0,8,LAC,1.0,1.0
Sean Tucker,receptions,1.0,0.0,1.0,1.1,14,TB,1.0,1.0
Simi Fehoko,receptions,1.0,0.0,1.0,1.2,5,ARI,1.0,1.0
Tanner Conner,receptions,1.0,0.0,1.0,1.3,9,MIA,1.0,1.0
Tanner Hudson,receptions,1.0,1.0,1.5,1.9,19,CIN,1.0,1.0
Terrance Ferguson,receptions,1.0,0.0,1.0,1.1,10,LA,1.0,1.0
Tez Johnson,receptions,1.0,0.0,1.5,2.2,15,TB,1.0,1.0
Tim Jones,receptions,1.0,1.0,1.0,1.0,4,JAX,1.0,1.0
Tim Patrick,receptions,1.0,0.0,1.0,1.3,27,JAX,1.0,1.0
Tip Reiman,receptions,1.0,0.0,1.0,1.1,8,ARI,1.0,1.0
Tommy Tremble,receptions,1.0,0.0,1.0,1.5,25,CAR,1.0,1.0
Trey Palmer,receptions,1.0,0.0,1.0,1.2,10,,1.0,1.0
Trey Sermon,receptions,1.0,1.0,1.0,1.6,10,PIT,1.0,1.0
Treylon Burks,receptions,1.0,0.0,1.0,1.2,13,WAS,1.0,1.0
Tutu Atwell,receptions,1.0,0.0,1.0,1.2,23,LA,1.0,1.0
Tyler Allgeier,receptions,1.0,1.0,1.0,1.4,19,ATL,1.0,1.0
Tyler Badie,receptions,1.0,0.0,1.0,1.4,15,DEN,1.0,1.0
Tyler Conklin,receptions,1.0,0.0,2.0,2.5,22,LAC,1.0,1.0
Tyler Goodson,receptions,1.0,0.0,1.0,1.6,8,IND,1.0,1.0
Tyler Johnson,receptions,1.0,0.0,1.5,1.6,20,NYJ,1.0,1.0
Tyquan Thornton,receptions,1.0,0.0,1.5,1.7,15,KC,1.0,1.0
Tyrell Shavers,receptions,1.0,1.0,1.0,1.5,11,BUF,1.0,1.0
Will Dissly,receptions,1.0,0.0,1.5,1.8,23,LAC,1.0,1.0
Will Shipley,receptions,1.0,1.0,1.0,1.4,9,PHI,1.0,1.0
Woody Marks,receptions,1.0,1.0,1.0,1.5,15,HOU,1.0,1.0
Xavier Gipson,receptions,1.0,0.0,1.0,1.0,8,PHI,1.0,1.0
Xavier Legette,receptions,1.0,1.0,1.5,1.8,30,CAR,1.0,1.0
Zamir White,receptions,1.0,0.0,1.0,1.4,7,LV,1.0,1.0
Zavier Scott,receptions,1.0,1.0,1.0,1.8,8,MIN,1.0,1.0
Braxton Berrios,receptions,0.0,0.0,0.0,1.2,5,HOU,1.0,0.0
Jalin Hyatt,receptions,0.0,0.0,0.5,1.2,15,NYG,1.0,0.0
Christian McCaffrey,rush_att,21.0,8.0,20.5,17.9,21,SF,1.0,21.0
Jonathan Taylor,rush_att,21.0,14.0,18.5,19.2,31,IND,1.0,21.0
Derrick Henry,rush_att,20.0,10.0,19.5,19.8,34,BAL,1.0,20.0
Saquon Barkley,rush_att,20.0,10.0,19.5,18.5,32,PHI,1.0,20.0
Bijan Robinson,rush_att,19.0,14.0,18.0,18.1,34,ATL,1.0,19.0
James Cook,rush_att,18.0,2.0,17.5,18.3,33,BUF,1.0,18.0
Ashton Jeanty,rush_att,16.0,9.0,15.5,15.5,17,LV,1.0,16.0
Bucky Irving,rush_att,16.0,9.0,16.5,17.3,27,TB,1.0,16.0
Travis Etienne,rush_att,16.0,12.0,16.0,16.3,32,JAX,1.0,16.0
Woody Marks,rush_att,16.0,7.0,15.0,15.0,16,HOU,1.0,16.0
Cam Skattebo,rush_att,15.0,3.0,13.0,12.6,8,NYG,1.0,15.0
De'Von Achane,rush_att,15.0,7.0,16.5,16.2,33,MIA,1.0,15.0
J.K. Dobbins,rush_att,15.0,14.0,15.0,15.3,23,DEN,1.0,15.0
Javonte Williams,rush_att,15.0,9.0,16.0,16.0,32,DAL,1.0,15.0
Tyrone Tracy Jr.,rush_att,15.0,10.0,14.5,14.1,32,NYG,1.0,15.0
Breece Hall,rush_att,14.0,12.0,15.0,15.5,32,NYJ,1.0,14.0
Joe Mixon,rush_att,14.0,5.0,17.0,16.8,14,,1.0,14.0
Omarion Hampton,rush_att,14.0,12.0,14.0,13.8,9,LAC,1.0,14.0
Quinshon Judkins,rush_att,14.0,8.0,15.0,15.8,14,CLE,1.0,14.0
RJ Harvey,rush_att,14.0,7.0,12.0,10.9,17,DEN,1.0,14.0
Tony Pollard,rush_att,14.0,10.0,12.5,14.4,33,TEN,1.0,14.0
TreVeyon Henderson,rush_att,14.0,5.0,14.0,13.7,17,NE,1.0,14.0
Chase Brown,rush_att,13.0,12.0,13.0,14.7,33,CIN,1.0,13.0
D'Andre Swift,rush_att,13.0,8.0,13.0,13.4,33,CHI,1.0,13.0
Jahmyr Gibbs,rush_att,13.0,7.0,14.0,13.9,34,DET,1.0,13.0
Josh Jacobs,rush_att,13.0,4.0,13.0,13.6,32,GB,1.0,13.0
Kyren Williams,rush_att,13.0,12.0,13.0,15.2,33,LA,1.0,13.0
Aaron Jones,rush_att,12.0,6.0,10.5,11.9,29,MIN,1.0,12.0
Blake Corum,rush_att,12.0,6.0,11.5,10.4,31,LA,1.0,12.0
James Conner,rush_att,12.0,4.0,12.0,12.1,19,ARI,1.0,12.0
Jaylen Warren,rush_att,12.0,8.0,13.0,12.8,31,PIT,1.0,12.0
Kimani Vidal,rush_att,12.0,3.0,12.0,13.3,21,LAC,1.0,12.0
Rico Dowdle,rush_att,12.0,6.0,14.0,13.8,33,CAR,1.0,12.0
Jawhar Jordan,rush_att,11.5,5.0,11.5,10.8,4,HOU,1.0,11.5
Chris Rodriguez Jr.,rush_att,11.0,6.0,10.5,9.4,18,WAS,1.0,11.0
Jacory Croskey-Merritt,rush_att,11.0,4.0,10.0,10.2,17,WAS,1.0,11.0
Kenneth Walker III,rush_att,11.0,9.0,12.0,12.6,28,SEA,1.0,11.0
Kyle Monangai,rush_att,11.0,6.0,11.5,12.7,16,CHI,1.0,11.0
Alexander Mattison,rush_att,10.0,5.0,11.0,11.5,14,,1.0,10.0
Alvin Kamara,rush_att,10.0,3.0,10.5,12.0,25,NO,1.0,10.0
Tyler Allgeier,rush_att,10.0,2.0,9.0,8.2,33,ATL,1.0,10.0
Sincere McCormick,rush_att,9.5,5.0,9.5,9.8,4,,1.0,9.5
Anthony Richardson,rush_att,9.0,4.0,8.5,8.0,12,IND,1.0,9.0
Bam Knight,rush_att,9.0,1.0,9.5,8.2,10,ARI,1.0,9.0
Devin Singletary,rush_att,9.0,5.0,8.5,9.3,32,NYG,1.0,9.0
Gus Edwards,rush_att,9.0,6.0,8.5,9.0,11,,1.0,9.0
Isaac Guerendo,rush_att,9.0,1.0,7.0,7.7,13,SF,1.0,9.0
Isiah Pacheco,rush_att,9.0,3.0,9.0,9.3,20,KC,1.0,9.0
Najee Harris,rush_att,9.0,1.0,10.5,10.3,20,LAC,1.0,9.0
Zach Charbonnet,rush_att,9.0,6.0,10.0,11.2,33,SEA,1.0,9.0
Zack Moss,rush_att,9.0,5.0,9.0,9.2,8,,1.0,9.0
Jaret Patterson,rush_att,8.0,1.0,8.5,6.8,6,LAC,1.0,8.0
Jayden Daniels,rush_att,8.0,4.0,8.5,8.7,24,WAS,1.0,8.0
Jordan Mason,rush_att,8.0,2.0,7.0,7.5,28,MIN,1.0,8.0
Kendre Miller,rush_att,8.0,1.0,7.5,6.7,13,NO,1.0,8.0
Rhamondre Stevenson,rush_att,8.0,6.0,8.0,9.9,29,NE,1.0,8.0
Trey Benson,rush_att,8.0,2.0,6.5,6.1,16,ARI,1.0,8.0
Austin Ekeler,rush_att,7.0,2.0,7.5,7.2,14,WAS,1.0,7.0
Brian Robinson,rush_att,7.0,2.0,7.5,6.5,29,SF,1.0,7.0
David Montgomery,rush_att,7.0,4.0,7.5,8.0,31,DET,1.0,7.0
Devin Neal,rush_att,7.0,1.0,5.5,7.1,8,NO,1.0,7.0
Jaydon Blue,rush_att,7.0,3.0,7.0,7.6,5,DAL,1.0,7.0
Josh Allen,rush_att,7.0,5.0,6.5,6.6,32,BUF,1.0,7.0
Justin Fields,rush_att,7.0,4.0,7.0,7.2,19,NYJ,1.0,7.0
Kareem Hunt,rush_att,7.0,3.0,10.0,11.0,30,KC,1.0,7.0
Kenny Gainwell,rush_att,7.0,4.0,6.0,7.0,31,PIT,1.0,7.0
Michael Carter,rush_att,7.0,3.0,6.0,6.4,16,ARI,1.0,7.0
Patrick Taylor,rush_att,7.0,2.0,7.0,7.8,5,,1.0,7.0
Rachaad White,rush_att,7.0,1.0,7.0,6.8,32,TB,1.0,7.0
Samaje Perine,rush_att,7.0,1.0,7.0,7.5,22,CIN,1.0,7.0
DJ Giddens,rush_att,6.5,1.0,6.5,6.5,4,IND,1.0,6.5
Raheim Sanders,rush_att,6.5,3.0,6.5,6.8,4,CLE,1.0,6.5
Trey Sermon,rush_att,6.5,1.0,5.0,6.2,9,PIT,1.0,6.5
Antonio Gibson,rush_att,6.0,1.0,7.0,7.3,22,NE,1.0,6.0
Cam Akers,rush_att,6.0,1.0,5.5,6.3,16,SEA,1.0,6.0
Jaleel McLaughlin,rush_att,6.0,2.0,6.0,6.3,24,DEN,1.0,6.0
Jaxson Dart,rush_att,6.0,2.0,6.0,6.7,14,NYG,1.0,6.0
Jaylen Wright,rush_att,6.0,1.0,5.5,7.6,22,MIA,1.0,6.0
Justin Herbert,rush_att,6.0,2.0,6.0,5.9,32,LAC,1.0,6.0
Keaton Mitchell,rush_att,6.0,2.0,5.0,5.2,14,BAL,1.0,6.0
Nick Chubb,rush_att,6.0,1.0,5.5,6.4,23,HOU,1.0,6.0
Ronnie Rivers,rush_att,6.0,1.0,4.0,5.2,6,LA,1.0,6.0
Tyjae Spears,rush_att,6.0,2.0,5.0,5.8,25,TEN,1.0,6.0
Audric Estimé,rush_att,5.0,3.0,7.0,8.4,18,NO,1.0,5.0
Bhayshul Tuten,rush_att,5.0,1.0,5.0,5.8,15,JAX,1.0,5.0
Chuba Hubbard,rush_att,5.0,3.0,5.0,6.7,30,CAR,1.0,5.0
Clyde Edwards-Helaire,rush_att,5.0,2.0,5.0,5.0,4,KC,1.0,5.0
D'Onta Foreman,rush_att,5.0,2.0,7.0,7.1,10,,1.0,5.0
Drake Maye,rush_att,5.0,3.0,5.5,5.9,29,NE,1.0,5.0
Kenny McIntosh,rush_att,5.0,1.0,3.0,4.4,7,,1.0,5.0
Kyler Murray,rush_att,5.0,3.0,5.0,5.2,22,ARI,1.0,5.0
Lamar Jackson,rush_att,5.0,2.0,5.5,5.2,30,BAL,1.0,5.0
Trevor Lawrence,rush_att,5.0,2.0,5.0,5.2,27,JAX,1.0,5.0
Ty Chandler,rush_att,5.0,1.0,4.5,5.5,12,MIN,1.0,5.0
Terrell Jennings,rush_att,4.5,1.0,5.0,5.1,7,NE,1.0,4.5
Aidan O'Connell,rush_att,4.0,1.0,3.5,3.7,6,LV,1.0,4.0
Baker Mayfield,rush_att,4.0,1.0,4.0,4.1,30,TB,1.0,4.0
Bo Nix,rush_att,4.0,2.0,3.5,4.5,34,DEN,1.0,4.0
Braelon Allen,rush_att,4.0,2.0,4.5,4.8,21,NYJ,1.0,4.0
Bryce Young,rush_att,4.0,1.0,3.0,3.8,29,CAR,1.0,4.0
Caleb Williams,rush_att,4.0,1.0,4.0,4.2,34,CHI,1.0,4.0
Craig Reynolds,rush_att,4.0,1.0,3.5,4.2,8,DET,1.0,4.0
Dameon Pierce,rush_att,4.0,1.0,3.5,5.1,11,KC,1.0,4.0
Deshaun Watson,rush_att,4.0,2.0,4.0,4.4,7,,1.0,4.0
Deuce Vaughn,rush_att,4.0,1.0,4.0,3.4,5,,1.0,4.0
Dylan Sampson,rush_att,4.0,1.0,3.0,4.6,15,CLE,1.0,4.0
Emanuel Wilson,rush_att,4.0,2.0,5.0,9.0,33,GB,1.0,4.0
Emari Demercado,rush_att,4.0,1.0,3.5,4.2,20,ARI,1.0,4.0
Hassan Haskins,rush_att,4.0,1.0,3.0,4.1,15,LAC,1.0,4.0
Jalen Hurts,rush_att,4.0,3.0,4.5,5.5,31,PHI,1.0,4.0
Marcus Mariota,rush_att,4.0,1.0,4.5,5.0,13,WAS,1.0,4.0
Miles Sanders,rush_att,4.0,2.0,3.0,4.8,15,DAL,1.0,4.0
Patrick Mahomes,rush_att,4.0,1.0,4.0,4.2,29,KC,1.0,4.0
Russell Wilson,rush_att,4.0,2.0,4.0,4.4,15,NYG,1.0,4.0
Sean Tucker,rush_att,4.0,2.0,5.5,7.5,25,TB,1.0,4.0
Spencer Rattler,rush_att,4.0,2.0,3.5,3.5,13,NO,1.0,4.0
Tank Bigsby,rush_att,4.0,1.0,3.5,5.8,26,PHI,1.0,4.0
Trevor Etienne,rush_att,4.0,1.0,3.5,3.3,6,CAR,1.0,4.0
Tyler Shough,rush_att,4.0,2.0,4.0,4.5,10,NO,1.0,4.0
Tyrod Taylor,rush_att,4.0,1.0,3.0,4.3,7,NYJ,1.0,4.0
Malik Davis,rush_att,3.5,3.0,3.0,5.8,9,DAL,1.0,3.5
Malik Willis,rush_att,3.5,1.0,4.0,4.7,9,GB,1.0,3.5
AJ Dillon,rush_att,3.0,1.0,3.0,2.4,5,PHI,1.0,3.0
Carson Wentz,rush_att,3.0,2.0,3.0,2.8,5,MIN,1.0,3.0
Cooper Rush,rush_att,3.0,1.0,2.5,2.7,13,BAL,1.0,3.0
Dak Prescott,rush_att,3.0,1.0,3.5,3.4,24,DAL,1.0,3.0
Daniel Jones,rush_att,3.0,1.0,2.0,2.8,23,IND,1.0,3.0
Dorian Thompson-Robinson,rush_att,3.0,2.0,3.0,4.2,5,,1.0,3.0
Ezekiel Elliott,rush_att,3.0,1.0,3.0,4.4,15,,1.0,3.0
Geno Smith,rush_att,3.0,1.0,3.0,2.8,31,LV,1.0,3.0
George Holani,rush_att,3.0,2.0,3.0,5.0,5,SEA,1.0,3.0
Isaiah Davis,rush_att,3.0,2.0,3.0,3.7,21,NYJ,1.0,3.0
J.J. McCarthy,rush_att,3.0,2.0,4.0,4.1,9,MIN,1.0,3.0
Jacoby Brissett,rush_att,3.0,1.0,3.0,3.4,17,ARI,1.0,3.0
Jamaal Williams,rush_att,3.0,2.0,2.5,2.9,12,,1.0,3.0
Jameis Winston,rush_att,3.0,1.0,3.0,2.8,12,NYG,1.0,3.0
Jimmy Garoppolo,rush_att,3.0,2.0,3.0,2.8,4,LA,1.0,3.0
Jordan Love,rush_att,3.0,1.0,2.5,2.7,26,GB,1.0,3.0
Joshua Dobbs,rush_att,3.0,1.0,2.5,3.2,6,NE,1.0,3.0
Mac Jones,rush_att,3.0,1.0,3.0,3.0,18,SF,1.0,3.0
Mason Rudolph,rush_att,3.0,1.0,3.5,3.2,10,PIT,1.0,3.0
Mitchell Trubisky,rush_att,3.0,1.0,2.5,2.6,10,BUF,1.0,3.0
Nick Mullens,rush_att,3.0,1.0,3.0,2.5,6,JAX,1.0,3.0
Ollie Gordon II,rush_att,3.0,1.0,4.0,4.7,16,MIA,1.0,3.0
Ray Davis,rush_att,3.0,1.0,2.5,5.8,25,BUF,1.0,3.0
Sam Darnold,rush_att,3.0,1.0,3.0,3.2,27,SEA,1.0,3.0
Shedeur Sanders,rush_att,3.0,1.0,3.0,2.6,8,CLE,1.0,3.0
Trey Lance,rush_att,3.0,1.0,3.0,3.5,8,LAC,1.0,3.0
Ty Johnson,rush_att,3.0,2.0,2.0,3.5,30,BUF,1.0,3.0
Tyler Huntley,rush_att,3.0,2.0,4.0,5.0,10,BAL,1.0,3.0
Will Levis,rush_att,3.0,1.0,3.0,3.7,12,,1.0,3.0
Zamir White,rush_att,3.0,1.0,3.0,4.5,13,LV,1.0,3.0
Zavier Scott,rush_att,3.0,2.0,3.0,3.6,9,MIN,1.0,3.0
Corey Kiner,rush_att,2.5,1.0,2.5,3.0,4,ARI,1.0,2.5
Ameer Abdullah,rush_att,2.0,1.0,2.0,4.1,20,IND,1.0,2.0
Andy Dalton,rush_att,2.0,1.0,2.0,2.0,8,CAR,1.0,2.0
Brady Cook,rush_att,2.0,1.0,2.0,2.6,5,NYJ,1.0,2.0
Brashard Smith,rush_att,2.0,1.0,2.5,4.3,11,KC,1.0,2.0
British Brooks,rush_att,2.0,1.0,2.0,4.5,4,HOU,1.0,2.0
Brock Purdy,rush_att,2.0,1.0,2.5,3.6,24,SF,1.0,2.0
C.J. Stroud,rush_att,2.0,1.0,2.0,3.1,30,HOU,1.0,2.0
Cam Ward,rush_att,2.0,1.0,2.0,2.5,14,TEN,1.0,2.0
Carson Steele,rush_att,2.0,1.0,2.5,4.7,12,,1.0,2.0
Chris Brooks,rush_att,2.0,1.0,1.5,4.2,17,GB,1.0,2.0
Connor Heyward,rush_att,2.0,1.0,1.5,1.9,8,PIT,1.0,2.0
Cordarrelle Patterson,rush_att,2.0,1.0,2.5,2.6,12,,1.0,2.0
D'Ernest Johnson,rush_att,2.0,1.0,2.0,3.0,15,NE,1.0,2.0
Davis Mills,rush_att,2.0,1.0,2.0,2.3,7,HOU,1.0,2.0
DeeJay Dallas,rush_att,2.0,1.0,1.5,2.0,6,JAX,1.0,2.0
Deebo Samuel Sr.,rush_att,2.0,1.0,1.5,1.7,22,WAS,1.0,2.0
Derek Carr,rush_att,2.0,1.0,2.0,2.1,8,,1.0,2.0
Dillon Gabriel,rush_att,2.0,1.0,2.0,2.8,5,CLE,1.0,2.0
Drew Lock,rush_att,2.0,1.0,2.0,2.7,9,SEA,1.0,2.0
Dylan Laube,rush_att,2.0,1.0,2.0,2.0,4,LV,1.0,2.0
Evan Hull,rush_att,2.0,1.0,3.0,3.2,6,NO,1.0,2.0
Gardner Minshew,rush_att,2.0,1.0,2.0,1.8,13,KC,1.0,2.0
Hunter Luepke,rush_att,2.0,1.0,1.5,2.3,13,DAL,1.0,2.0
JaMycal Hasty,rush_att,2.0,1.0,2.0,2.2,9,,1.0,2.0
Jake Haener,rush_att,2.0,1.0,2.0,1.8,6,,1.0,2.0
Jeff Wilson,rush_att,2.0,1.0,2.5,2.7,6,,1.0,2.0
Joe Burrow,rush_att,2.0,1.0,2.0,2.3,22,CIN,1.0,2.0
Jordan Mims,rush_att,2.0,1.0,2.0,2.9,7,TEN,1.0,2.0
Josh Johnson,rush_att,2.0,1.0,2.0,3.2,5,WAS,1.0,2.0
Julius Chestnut,rush_att,2.0,1.0,2.0,1.7,14,TEN,1.0,2.0
Kaleb Johnson,rush_att,2.0,1.0,2.0,2.8,10,PIT,1.0,2.0
Khalil Herbert,rush_att,2.0,1.0,2.0,5.0,11,NYJ,1.0,2.0
Kirk Cousins,rush_att,2.0,1.0,2.0,2.3,16,ATL,1.0,2.0
Matthew Golden,rush_att,2.0,1.0,2.0,2.0,5,GB,1.0,2.0
Matthew Stafford,rush_att,2.0,1.0,2.0,2.3,23,LA,1.0,2.0
Michael Penix Jr.,rush_att,2.0,1.0,2.0,2.2,12,ATL,1.0,2.0
Mike Boone,rush_att,2.0,1.0,2.0,2.6,5,,1.0,2.0
Pierre Strong,rush_att,2.0,1.0,2.0,2.9,9,,1.0,2.0
Puka Nacua,rush_att,2.0,1.0,1.5,1.8,12,LA,1.0,2.0
Roschon Johnson,rush_att,2.0,1.0,2.0,2.7,14,CHI,1.0,2.0
Tahj Brooks,rush_att,2.0,1.0,2.5,2.7,6,CIN,1.0,2.0
Tanner McKee,rush_att,2.0,1.0,2.0,2.2,6,PHI,1.0,2.0
Taysom Hill,rush_att,2.0,1.0,2.5,4.5,20,NO,1.0,2.0
Trayveon Williams,rush_att,2.0,1.0,2.0,2.0,5,CLE,1.0,2.0
Tyler Goodson,rush_att,2.0,1.0,2.5,4.1,10,IND,1.0,2.0
Will Shipley,rush_att,2.0,1.0,2.5,3.6,11,PHI,1.0,2.0
Chris Oladokun,rush_att,1.5,1.0,1.5,1.5,4,KC,1.0,1.5
Desmond Ridder,rush_att,1.5,1.0,1.5,2.2,4,,1.0,1.5
LeQuint Allen Jr.,rush_att,1.5,1.0,1.0,2.6,9,JAX,1.0,1.5
Max Brosmer,rush_att,1.5,1.0,1.5,1.8,4,MIN,1.0,1.5
Parker Washington,rush_att,1.5,1.0,1.5,1.8,4,JAX,1.0,1.5
Quinn Ewers,rush_att,1.5,1.0,1.5,2.0,4,MIA,1.0,1.5
Rashee Rice,rush_att,1.5,1.0,1.5,1.5,4,KC,1.0,1.5
Tez Johnson,rush_att,1.5,1.0,1.5,1.8,4,TB,1.0,1.5
Travis Homer,rush_att,1.5,1.0,1.5,1.8,4,CHI,1.0,1.5
AJ Barner,rush_att,1.0,1.0,1.0,1.2,8,SEA,1.0,1.0
Aaron Rodgers,rush_att,1.0,1.0,1.0,1.5,22,PIT,1.0,1.0
Adam Prentice,rush_att,1.0,1.0,1.0,1.2,8,DEN,1.0,1.0
Adonai Mitchell,rush_att,1.0,1.0,1.0,1.0,5,NYJ,1.0,1.0
Alec Ingold,rush_att,1.0,1.0,1.0,1.3,9,MIA,1.0,1.0
Amon-Ra St. Brown,rush_att,1.0,1.0,1.0,1.2,4,DET,1.0,1.0
Arian Smith,rush_att,1.0,1.0,1.0,1.0,4,NYJ,1.0,1.0
Ashton Dulin,rush_att,1.0,1.0,1.0,1.1,7,IND,1.0,1.0
Bo Melton,rush_att,1.0,1.0,1.0,1.3,10,GB,1.0,1.0
Brian Thomas Jr.,rush_att,1.0,1.0,1.0,1.1,8,JAX,1.0,1.0
Brock Bowers,rush_att,1.0,1.0,1.0,1.0,7,LV,1.0,1.0
C.J. Ham,rush_att,1.0,1.0,1.0,1.2,4,MIN,1.0,1.0
Calvin Ridley,rush_att,1.0,1.0,1.0,1.1,7,TEN,1.0,1.0
CeeDee Lamb,rush_att,1.0,1.0,1.0,1.5,10,DAL,1.0,1.0
Chimere Dike,rush_att,1.0,1.0,1.0,1.2,9,TEN,1.0,1.0
Christian Watson,rush_att,1.0,1.0,1.0,1.2,4,GB,1.0,1.0
Clayton Tune,rush_att,1.0,1.0,1.0,1.7,7,GB,1.0,1.0
Curtis Samuel,rush_att,1.0,1.0,1.0,1.0,5,BUF,1.0,1.0
DJ Moore,rush_att,1.0,1.0,1.0,1.6,19,CHI,1.0,1.0
DJ Turner,rush_att,1.0,1.0,1.0,1.0,5,LV,1.0,1.0
Dare Ogunbowale,rush_att,1.0,1.0,1.0,1.7,17,HOU,1.0,1.0
DeMario Douglas,rush_att,1.0,1.0,1.0,1.1,9,NE,1.0,1.0
Derius Davis,rush_att,1.0,1.0,1.0,1.1,12,LAC,1.0,1.0
Devin Duvernay,rush_att,1.0,1.0,1.0,1.0,4,CHI,1.0,1.0
Dyami Brown,rush_att,1.0,1.0,1.0,1.1,8,JAX,1.0,1.0
Elijah Moore,rush_att,1.0,1.0,1.0,1.2,6,BUF,1.0,1.0
Eric Gray,rush_att,1.0,1.0,1.0,1.8,8,NYG,1.0,1.0
Greg Dortch,rush_att,1.0,1.0,1.0,1.2,10,ARI,1.0,1.0
Harold Fannin Jr.,rush_att,1.0,1.0,1.0,1.0,7,CLE,1.0,1.0
Isaiah Bond,rush_att,1.0,1.0,1.0,1.0,5,CLE,1.0,1.0
Ja'Marr Chase,rush_att,1.0,1.0,1.0,1.0,6,CIN,1.0,1.0
Jake Browning,rush_att,1.0,1.0,1.0,1.8,6,CIN,1.0,1.0
Jakobi Meyers,rush_att,1.0,1.0,1.0,1.4,5,JAX,1.0,1.0
Jalen McMillan,rush_att,1.0,1.0,1.0,1.0,5,TB,1.0,1.0
Jalen Nailor,rush_att,1.0,1.0,1.0,1.0,5,MIN,1.0,1.0
Jameson Williams,rush_att,1.0,1.0,1.0,1.2,15,DET,1.0,1.0
Jared Goff,rush_att,1.0,1.0,1.5,1.8,27,DET,1.0,1.0
Jaxon Smith-Njigba,rush_att,1.0,1.0,1.0,1.2,10,SEA,1.0,1.0
Jayden Reed,rush_att,1.0,1.0,1.0,1.5,15,GB,1.0,1.0
Jaylen Waddle,rush_att,1.0,1.0,1.0,1.0,6,MIA,1.0,1.0
Jaylin Noel,rush_att,1.0,1.0,1.0,1.0,6,HOU,1.0,1.0
Jeremy McNichols,rush_att,1.0,1.0,1.5,3.1,29,WAS,1.0,1.0
Jerome Ford,rush_att,1.0,1.0,1.5,3.0,23,CLE,1.0,1.0
Jimmy Horn Jr.,rush_att,1.0,1.0,1.0,1.3,6,CAR,1.0,1.0
Joe Flacco,rush_att,1.0,1.0,1.5,2.1,15,CIN,1.0,1.0
Jonnu Smith,rush_att,1.0,1.0,1.0,1.4,8,PIT,1.0,1.0
Jordan Addison,rush_att,1.0,1.0,1.0,1.0,5,MIN,1.0,1.0
Justice Hill,rush_att,1.0,1.0,2.0,2.2,23,BAL,1.0,1.0
KaVontae Turpin,rush_att,1.0,1.0,1.0,1.5,22,DAL,1.0,1.0
Kalif Raymond,rush_att,1.0,1.0,1.0,1.0,4,DET,1.0,1.0
Kameron Johnson,rush_att,1.0,1.0,1.0,1.0,4,TB,1.0,1.0
Kenny Pickett,rush_att,1.0,1.0,1.5,1.8,8,LV,1.0,1.0
Kyle Juszczyk,rush_att,1.0,1.0,1.0,1.0,7,SF,1.0,1.0
Luther Burden III,rush_att,1.0,1.0,1.0,1.0,6,CHI,1.0,1.0
Malachi Corley,rush_att,1.0,1.0,1.0,1.5,10,CLE,1.0,1.0
Malik Nabers,rush_att,1.0,1.0,1.0,1.2,4,NYG,1.0,1.0
Malik Washington,rush_att,1.0,1.0,1.5,1.7,15,MIA,1.0,1.0
Mark Andrews,rush_att,1.0,1.0,1.0,1.4,10,BAL,1.0,1.0
Marvin Mims Jr.,rush_att,1.0,1.0,1.0,1.2,18,DEN,1.0,1.0
Mason Tipton,rush_att,1.0,1.0,1.0,1.0,4,NO,1.0,1.0
Michael Burton,rush_att,1.0,1.0,1.0,1.4,5,,1.0,1.0
Olamide Zaccheaus,rush_att,1.0,1.0,1.0,1.0,5,CHI,1.0,1.0
Quentin Johnston,rush_att,1.0,1.0,1.0,1.0,5,LAC,1.0,1.0
Raheem Mostert,rush_att,1.0,1.0,3.0,3.6,19,LV,1.0,1.0
Rasheen Ali,rush_att,1.0,1.0,1.0,2.4,7,BAL,1.0,1.0
Rashid Shaheed,rush_att,1.0,1.0,1.0,1.5,10,SEA,1.0,1.0
Ray-Ray McCloud,rush_att,1.0,1.0,1.0,1.0,10,NYG,1.0,1.0
Ricky Pearsall,rush_att,1.0,1.0,1.0,1.2,4,SF,1.0,1.0
Savion Williams,rush_att,1.0,1.0,1.0,1.4,8,GB,1.0,1.0
Sterling Shepard,rush_att,1.0,1.0,1.0,1.5,8,TB,1.0,1.0
Tank Dell,rush_att,1.0,1.0,1.0,1.5,6,,1.0,1.0
Tre Tucker,rush_att,1.0,1.0,1.0,1.3,16,LV,1.0,1.0
Troy Franklin,rush_att,1.0,1.0,1.0,1.2,6,DEN,1.0,1.0
Tua Tagovailoa,rush_att,1.0,1.0,1.5,1.9,20,MIA,1.0,1.0
Tucker Kraft,rush_att,1.0,1.0,1.0,1.0,4,GB,1.0,1.0
Tyler Badie,rush_att,1.0,1.0,1.0,2.7,7,DEN,1.0,1.0
Tyler Warren,rush_att,1.0,1.0,1.0,1.2,5,IND,1.0,1.0
Tyreek Hill,rush_att,1.0,1.0,1.0,1.6,5,MIA,1.0,1.0
Wan'Dale Robinson,rush_att,1.0,1.0,1.0,1.0,6,NYG,1.0,1.0
Xavier Legette,rush_att,1.0,1.0,1.0,1.2,6,CAR,1.0,1.0
Xavier Worthy,rush_att,1.0,1.0,1.0,1.3,21,KC,1.0,1.0
Zay Flowers,rush_att,1.0,1.0,1.0,1.2,16,BAL,1.0,1.0
Derrick Henry,rush_yds,103.0,60.0,101.5,108.5,34,BAL,1.0,103.0
Bijan Robinson,rush_yds,86.0,33.0,85.0,92.9,34,ATL,1.0,86.0
Tony Pollard,rush_yds,85.0,20.0,58.0,70.2,33,TEN,1.0,85.0
De'Von Achane,rush_yds,83.0,60.0,82.5,96.0,33,MIA,1.0,83.0
James Cook,rush_yds,80.0,15.0,93.5,86.8,33,BUF,1.0,80.0
Kyren Williams,rush_yds,78.0,46.0,75.5,78.0,33,LA,1.0,78.0
Saquon Barkley,rush_yds,78.0,22.0,73.0,81.5,32,PHI,1.0,78.0
J.K. Dobbins,rush_yds,77.0,40.0,78.0,77.2,23,DEN,1.0,77.0
Christian McCaffrey,rush_yds,73.0,23.0,77.0,73.7,21,SF,1.0,73.0
Josh Jacobs,rush_yds,73.0,3.0,64.0,57.0,32,GB,1.0,73.0
Chase Brown,rush_yds,72.0,23.0,72.5,70.9,33,CIN,1.0,72.0
Jonathan Taylor,rush_yds,70.0,26.0,72.0,88.8,31,IND,1.0,70.0
Tyrone Tracy Jr.,rush_yds,70.0,36.0,66.0,62.0,32,NYG,1.0,70.0
Javonte Williams,rush_yds,67.0,34.0,75.0,72.5,32,DAL,1.0,67.0
TreVeyon Henderson,rush_yds,67.0,3.0,66.5,75.8,17,NE,1.0,67.0
Jaylen Warren,rush_yds,64.0,13.0,63.0,58.5,31,PIT,1.0,64.0
Woody Marks,rush_yds,63.0,30.0,62.5,55.1,16,HOU,1.0,63.0
Bucky Irving,rush_yds,61.0,19.0,62.0,58.8,27,TB,1.0,61.0
Cam Skattebo,rush_yds,60.0,12.0,59.5,51.2,8,NYG,1.0,60.0
Blake Corum,rush_yds,58.0,18.0,57.0,55.3,31,LA,1.0,58.0
D'Andre Swift,rush_yds,58.0,15.0,60.5,66.8,33,CHI,1.0,58.0
Travis Etienne,rush_yds,58.0,28.0,65.5,59.3,32,JAX,1.0,58.0
Kenneth Walker III,rush_yds,56.0,17.0,61.5,59.7,28,SEA,1.0,56.0
Omarion Hampton,rush_yds,56.0,29.0,56.0,60.6,9,LAC,1.0,56.0
Breece Hall,rush_yds,54.0,23.0,56.0,65.5,32,NYJ,1.0,54.0
Aaron Jones,rush_yds,53.0,3.0,50.0,50.2,29,MIN,1.0,53.0
Chris Rodriguez Jr.,rush_yds,52.0,16.0,46.5,40.2,18,WAS,1.0,52.0
Ashton Jeanty,rush_yds,50.0,30.0,46.0,53.0,17,LV,1.0,50.0
Rico Dowdle,rush_yds,49.0,10.0,51.0,52.5,33,CAR,1.0,49.0
Sincere McCormick,rush_yds,48.5,8.0,48.5,45.8,4,,1.0,48.5
Rhamondre Stevenson,rush_yds,47.0,5.0,43.5,47.8,29,NE,1.0,47.0
Anthony Richardson,rush_yds,46.0,-1.0,45.5,40.5,12,IND,1.0,46.0
Joe Mixon,rush_yds,46.0,22.0,51.5,61.5,14,,1.0,46.0
Zach Charbonnet,rush_yds,46.0,31.0,41.5,52.5,33,SEA,1.0,46.0
Jawhar Jordan,rush_yds,44.5,3.0,44.5,48.2,4,HOU,1.0,44.5
Devin Singletary,rush_yds,44.0,13.0,43.5,35.3,32,NYG,1.0,44.0
RJ Harvey,rush_yds,43.0,28.0,39.0,38.6,17,DEN,1.0,43.0
Jordan Mason,rush_yds,42.0,5.0,39.0,37.8,28,MIN,1.0,42.0
Jahmyr Gibbs,rush_yds,41.0,2.0,42.0,69.7,34,DET,1.0,41.0
Jayden Daniels,rush_yds,39.0,16.0,45.0,51.3,24,WAS,1.0,39.0
Tyler Huntley,rush_yds,39.0,-3.0,29.5,28.6,10,BAL,1.0,39.0
Kyle Monangai,rush_yds,38.0,14.0,43.0,59.7,16,CHI,1.0,38.0
Jaleel McLaughlin,rush_yds,37.0,4.0,30.5,29.5,24,DEN,1.0,37.0
Justin Herbert,rush_yds,37.0,0.0,34.0,34.3,32,LAC,1.0,37.0
Najee Harris,rush_yds,36.0,5.0,38.5,39.6,20,LAC,1.0,36.0
Quinshon Judkins,rush_yds,36.0,21.0,41.5,48.0,14,CLE,1.0,36.0
Rachaad White,rush_yds,35.0,7.0,36.5,32.0,32,TB,1.0,35.0
Trey Benson,rush_yds,35.0,14.0,28.5,33.4,16,ARI,1.0,35.0
Isaac Guerendo,rush_yds,34.0,0.0,28.0,40.1,13,SF,1.0,34.0
James Conner,rush_yds,34.0,4.0,36.5,52.5,19,ARI,1.0,34.0
Marcus Mariota,rush_yds,34.0,-1.0,31.0,29.7,13,WAS,1.0,34.0
Tank Bigsby,rush_yds,34.0,4.0,22.5,34.4,26,PHI,1.0,34.0
Kimani Vidal,rush_yds,33.0,11.0,31.5,50.1,21,LAC,1.0,33.0
David Montgomery,rush_yds,32.0,14.0,32.0,36.1,31,DET,1.0,32.0
Gus Edwards,rush_yds,32.0,11.0,29.5,33.9,11,,1.0,32.0
Isiah Pacheco,rush_yds,32.0,16.0,34.5,37.0,20,KC,1.0,32.0
Jaxson Dart,rush_yds,32.0,7.0,40.0,37.8,14,NYG,1.0,32.0
Kyler Murray,rush_yds,32.0,22.0,32.0,31.7,22,ARI,1.0,32.0
Jalen Hurts,rush_yds,31.0,5.0,29.0,22.6,31,PHI,1.0,31.0
Josh Allen,rush_yds,31.0,17.0,29.0,32.5,32,BUF,1.0,31.0
Justin Fields,rush_yds,31.0,22.0,31.0,39.1,19,NYJ,1.0,31.0
Keaton Mitchell,rush_yds,31.0,2.0,25.0,29.0,14,BAL,1.0,31.0
Samaje Perine,rush_yds,31.0,5.0,31.0,33.0,22,CIN,1.0,31.0
Jacory Croskey-Merritt,rush_yds,30.0,20.0,29.5,42.8,17,WAS,1.0,30.0
Kareem Hunt,rush_yds,30.0,2.0,39.0,40.6,30,KC,1.0,30.0
Patrick Mahomes,rush_yds,30.0,3.0,30.0,29.2,29,KC,1.0,30.0
Jaret Patterson,rush_yds,29.0,1.0,29.5,26.5,6,LAC,1.0,29.0
Jaydon Blue,rush_yds,29.0,0.0,29.0,25.8,5,DAL,1.0,29.0
Alvin Kamara,rush_yds,28.0,11.0,29.5,42.6,25,NO,1.0,28.0
Alexander Mattison,rush_yds,27.0,15.0,29.5,33.3,14,,1.0,27.0
Antonio Gibson,rush_yds,27.0,3.0,28.0,33.3,22,NE,1.0,27.0
Baker Mayfield,rush_yds,27.0,1.0,23.0,25.3,30,TB,1.0,27.0
D'Onta Foreman,rush_yds,26.0,1.0,26.5,23.2,10,,1.0,26.0
DJ Giddens,rush_yds,26.0,3.0,26.0,24.0,4,IND,1.0,26.0
Kenny Gainwell,rush_yds,26.0,10.0,25.0,34.7,31,PIT,1.0,26.0
Kenny McIntosh,rush_yds,26.0,5.0,14.0,24.6,7,,1.0,26.0
Lamar Jackson,rush_yds,26.0,7.0,20.0,23.1,30,BAL,1.0,26.0
Ronnie Rivers,rush_yds,26.0,5.0,21.0,24.2,6,LA,1.0,26.0
Bam Knight,rush_yds,24.0,-2.0,25.5,26.9,10,ARI,1.0,24.0
Kendre Miller,rush_yds,24.0,7.0,22.5,25.7,13,NO,1.0,24.0
Patrick Taylor,rush_yds,24.0,9.0,24.0,36.6,5,,1.0,24.0
Shedeur Sanders,rush_yds,24.0,-1.0,22.0,21.1,8,CLE,1.0,24.0
Trevor Lawrence,rush_yds,24.0,11.0,24.5,24.6,27,JAX,1.0,24.0
Zack Moss,rush_yds,24.0,7.0,29.0,30.2,8,,1.0,24.0
Raheim Sanders,rush_yds,23.5,3.0,23.5,23.0,4,CLE,1.0,23.5
Dylan Sampson,rush_yds,23.0,-4.0,15.5,14.4,15,CLE,1.0,23.0
Jaylen Wright,rush_yds,23.0,2.0,20.0,28.4,22,MIA,1.0,23.0
Russell Wilson,rush_yds,23.0,12.0,20.0,23.7,15,NYG,1.0,23.0
Tyler Allgeier,rush_yds,23.0,16.0,21.5,30.7,33,ATL,1.0,23.0
Brian Robinson,rush_yds,22.0,9.0,25.0,29.2,29,SF,1.0,22.0
Cam Akers,rush_yds,22.0,3.0,23.0,27.0,16,SEA,1.0,22.0
Devin Neal,rush_yds,22.0,1.0,20.0,25.8,8,NO,1.0,22.0
Drake Maye,rush_yds,22.0,2.0,22.0,25.0,29,NE,1.0,22.0
Malik Davis,rush_yds,22.0,6.0,21.0,27.8,9,DAL,1.0,22.0
Austin Ekeler,rush_yds,21.0,7.0,21.5,26.0,14,WAS,1.0,21.0
Chuba Hubbard,rush_yds,21.0,10.0,19.0,26.3,30,CAR,1.0,21.0
Trey Sermon,rush_yds,20.5,3.0,16.0,17.7,9,PIT,1.0,20.5
Bryce Young,rush_yds,20.0,-1.0,12.5,15.7,29,CAR,1.0,20.0
Spencer Rattler,rush_yds,20.0,10.0,17.0,22.4,13,NO,1.0,20.0
Tyrod Taylor,rush_yds,20.0,6.0,19.0,22.3,7,NYJ,1.0,20.0
Malik Willis,rush_yds,19.5,-2.0,23.0,29.0,9,GB,1.0,19.5
Audric Estimé,rush_yds,19.0,11.0,21.5,32.9,18,NO,1.0,19.0
Tyjae Spears,rush_yds,19.0,-1.0,18.5,21.6,25,TEN,1.0,19.0
Deshaun Watson,rush_yds,18.5,0.0,20.0,21.1,7,,1.0,18.5
Caleb Williams,rush_yds,18.0,1.0,19.5,25.3,34,CHI,1.0,18.0
Craig Reynolds,rush_yds,18.0,3.0,19.5,17.9,8,DET,1.0,18.0
Michael Carter,rush_yds,18.0,13.0,17.5,24.7,16,ARI,1.0,18.0
Tyler Shough,rush_yds,18.0,6.0,15.0,18.6,10,NO,1.0,18.0
Bhayshul Tuten,rush_yds,17.0,5.0,17.0,21.3,15,JAX,1.0,17.0
J.J. McCarthy,rush_yds,17.0,7.0,19.0,20.1,9,MIN,1.0,17.0
Nick Chubb,rush_yds,17.0,1.0,25.0,25.7,23,HOU,1.0,17.0
Trevor Etienne,rush_yds,17.0,2.0,16.5,15.7,6,CAR,1.0,17.0
Brock Purdy,rush_yds,16.0,-7.0,14.5,15.9,24,SF,1.0,16.0
Dorian Thompson-Robinson,rush_yds,16.0,3.0,16.0,24.4,5,,1.0,16.0
Emanuel Wilson,rush_yds,16.0,3.0,16.0,33.4,33,GB,1.0,16.0
Jacoby Brissett,rush_yds,16.0,-2.0,17.5,14.7,17,ARI,1.0,16.0
Bo Nix,rush_yds,15.0,8.0,13.0,18.4,34,DEN,1.0,15.0
Braelon Allen,rush_yds,15.0,5.0,13.0,18.1,21,NYJ,1.0,15.0
DeeJay Dallas,rush_yds,15.0,0.0,12.5,11.7,6,JAX,1.0,15.0
Miles Sanders,rush_yds,15.0,-5.0,11.5,22.5,15,DAL,1.0,15.0
Terrell Jennings,rush_yds,15.0,0.0,15.0,15.1,7,NE,1.0,15.0
Ty Johnson,rush_yds,15.0,5.0,11.0,13.6,30,BUF,1.0,15.0
Zavier Scott,rush_yds,15.0,4.0,15.0,12.7,9,MIN,1.0,15.0
Clyde Edwards-Helaire,rush_yds,14.0,5.0,14.0,14.8,4,KC,1.0,14.0
Dak Prescott,rush_yds,14.0,-2.0,11.5,12.1,24,DAL,1.0,14.0
Ray Davis,rush_yds,14.0,-2.0,9.0,27.5,25,BUF,1.0,14.0
Ashton Dulin,rush_yds,13.5,7.0,12.0,12.7,7,IND,1.0,13.5
Hassan Haskins,rush_yds,13.0,3.0,8.0,11.4,15,LAC,1.0,13.0
AJ Dillon,rush_yds,12.0,2.0,12.0,12.0,5,PHI,1.0,12.0
Carson Wentz,rush_yds,12.0,0.0,12.0,11.4,5,MIN,1.0,12.0
Corey Kiner,rush_yds,12.0,2.0,12.0,14.5,4,ARI,1.0,12.0
Derek Carr,rush_yds,12.0,1.0,10.0,8.9,8,,1.0,12.0
Dillon Gabriel,rush_yds,12.0,2.0,12.0,17.2,5,CLE,1.0,12.0
Davis Mills,rush_yds,11.5,3.0,11.0,10.1,7,HOU,1.0,11.5
Jordan Mims,rush_yds,11.5,3.0,11.0,10.0,7,TEN,1.0,11.5
Deuce Vaughn,rush_yds,11.0,4.0,11.0,14.0,5,,1.0,11.0
Emari Demercado,rush_yds,11.0,1.0,20.0,31.2,20,ARI,1.0,11.0
Isaiah Davis,rush_yds,11.0,7.0,10.5,20.4,21,NYJ,1.0,11.0
Malachi Corley,rush_yds,11.0,-6.0,14.5,15.3,10,CLE,1.0,11.0
Mike Boone,rush_yds,11.0,1.0,11.0,10.2,5,,1.0,11.0
Trey Lance,rush_yds,11.0,-3.0,7.5,15.8,8,LAC,1.0,11.0
Tyreek Hill,rush_yds,11.0,5.0,11.0,10.6,5,MIA,1.0,11.0
Chris Brooks,rush_yds,10.0,1.0,9.0,19.4,17,GB,1.0,10.0
Dameon Pierce,rush_yds,10.0,2.0,7.5,31.3,11,KC,1.0,10.0
George Holani,rush_yds,10.0,6.0,10.0,16.6,5,SEA,1.0,10.0
Jameis Winston,rush_yds,10.0,-2.0,9.0,10.1,12,NYG,1.0,10.0
LeQuint Allen Jr.,rush_yds,10.0,2.0,10.0,10.4,9,JAX,1.0,10.0
Kalif Raymond,rush_yds,9.5,-12.0,9.5,4.8,4,DET,1.0,9.5
Brian Thomas Jr.,rush_yds,9.0,2.0,8.0,8.6,8,JAX,1.0,9.0
Cam Ward,rush_yds,9.0,2.0,8.0,12.3,14,TEN,1.0,9.0
DJ Moore,rush_yds,9.0,3.0,8.5,8.4,19,CHI,1.0,9.0
Jalen McMillan,rush_yds,9.0,1.0,9.0,8.8,5,TB,1.0,9.0
Jimmy Horn Jr.,rush_yds,9.0,7.0,9.5,11.5,6,CAR,1.0,9.0
Jonnu Smith,rush_yds,9.0,0.0,8.0,8.6,8,PIT,1.0,9.0
Jordan Addison,rush_yds,9.0,4.0,9.0,20.2,5,MIN,1.0,9.0
Khalil Herbert,rush_yds,9.0,4.0,7.0,17.8,11,NYJ,1.0,9.0
Malik Washington,rush_yds,9.0,1.0,9.0,11.0,15,MIA,1.0,9.0
Matthew Golden,rush_yds,9.0,4.0,9.0,9.8,5,GB,1.0,9.0
Ollie Gordon II,rush_yds,9.0,-3.0,9.5,14.0,16,MIA,1.0,9.0
British Brooks,rush_yds,8.5,0.0,8.5,20.0,4,HOU,1.0,8.5
Calvin Ridley,rush_yds,8.0,-3.0,9.0,7.9,7,TEN,1.0,8.0
Isaiah Bond,rush_yds,8.0,-1.0,8.0,5.8,5,CLE,1.0,8.0
Ja'Marr Chase,rush_yds,8.0,-3.0,8.5,7.7,6,CIN,1.0,8.0
Jamaal Williams,rush_yds,8.0,4.0,8.5,8.7,12,,1.0,8.0
Marvin Mims Jr.,rush_yds,8.0,2.0,8.5,7.8,18,DEN,1.0,8.0
Olamide Zaccheaus,rush_yds,8.0,0.0,8.0,6.6,5,CHI,1.0,8.0
Puka Nacua,rush_yds,8.0,1.0,9.5,13.9,12,LA,1.0,8.0
Sean Tucker,rush_yds,8.0,-4.0,18.5,28.6,25,TB,1.0,8.0
Will Levis,rush_yds,8.0,-3.0,9.0,10.9,12,,1.0,8.0
Zamir White,rush_yds,8.0,-2.0,8.5,11.3,13,LV,1.0,8.0
Aidan O'Connell,rush_yds,7.0,-1.0,6.5,6.2,6,LV,1.0,7.0
Brashard Smith,rush_yds,7.0,1.0,7.5,14.9,11,KC,1.0,7.0
Jake Haener,rush_yds,7.0,-3.0,3.0,3.7,6,,1.0,7.0
Jordan Love,rush_yds,7.0,-1.0,7.0,11.1,26,GB,1.0,7.0
Mason Rudolph,rush_yds,7.0,-1.0,10.0,11.2,10,PIT,1.0,7.0
Sterling Shepard,rush_yds,7.0,-5.0,9.0,11.0,8,TB,1.0,7.0
Trayveon Williams,rush_yds,7.0,-1.0,7.0,7.2,5,CLE,1.0,7.0
Tre Tucker,rush_yds,7.0,0.0,6.0,4.8,16,LV,1.0,7.0
Ty Chandler,rush_yds,7.0,2.0,10.0,13.0,12,MIN,1.0,7.0
Xavier Worthy,rush_yds,7.0,0.0,8.0,9.7,21,KC,1.0,7.0
Kameron Johnson,rush_yds,6.5,0.0,6.5,6.0,4,TB,1.0,6.5
Travis Homer,rush_yds,6.5,-2.0,6.5,5.2,4,CHI,1.0,6.5
Aaron Rodgers,rush_yds,6.0,0.0,6.0,5.8,22,PIT,1.0,6.0
Carson Steele,rush_yds,6.0,2.0,7.5,15.6,12,,1.0,6.0
Chris Oladokun,rush_yds,6.0,0.0,6.0,5.8,4,KC,1.0,6.0
Dyami Brown,rush_yds,6.0,4.0,6.5,7.0,8,JAX,1.0,6.0
Elijah Moore,rush_yds,6.0,-1.0,3.5,4.2,6,BUF,1.0,6.0
Hunter Luepke,rush_yds,6.0,0.0,5.5,9.5,13,DAL,1.0,6.0
Jaylen Waddle,rush_yds,6.0,-1.0,5.0,6.7,6,MIA,1.0,6.0
Joe Burrow,rush_yds,6.0,-1.0,5.5,8.2,22,CIN,1.0,6.0
Kenny Pickett,rush_yds,6.0,-2.0,4.5,4.6,8,LV,1.0,6.0
Michael Penix Jr.,rush_yds,6.0,-1.0,6.0,7.5,12,ATL,1.0,6.0
Pierre Strong,rush_yds,6.0,2.0,6.0,12.0,9,,1.0,6.0
Raheem Mostert,rush_yds,6.0,-4.0,6.0,13.8,19,LV,1.0,6.0
Ray-Ray McCloud,rush_yds,6.0,-2.0,6.5,7.9,10,NYG,1.0,6.0
Tyler Goodson,rush_yds,6.0,2.0,7.5,17.7,10,IND,1.0,6.0
Zay Flowers,rush_yds,6.0,2.0,7.0,7.4,16,BAL,1.0,6.0
Ameer Abdullah,rush_yds,5.0,1.0,6.5,21.3,20,IND,1.0,5.0
Arian Smith,rush_yds,5.0,-10.0,5.0,3.2,4,NYJ,1.0,5.0
Bo Melton,rush_yds,5.0,0.0,6.5,8.9,10,GB,1.0,5.0
C.J. Stroud,rush_yds,5.0,0.0,7.5,11.7,30,HOU,1.0,5.0
D'Ernest Johnson,rush_yds,5.0,0.0,5.5,10.1,15,NE,1.0,5.0
Dare Ogunbowale,rush_yds,5.0,-3.0,7.0,8.0,17,HOU,1.0,5.0
Gardner Minshew,rush_yds,5.0,-3.0,3.5,4.2,13,KC,1.0,5.0
Greg Dortch,rush_yds,5.0,-5.0,5.5,4.6,10,ARI,1.0,5.0
Jaxon Smith-Njigba,rush_yds,5.0,-1.0,5.0,6.2,10,SEA,1.0,5.0
Jayden Reed,rush_yds,5.0,-5.0,4.0,8.1,15,GB,1.0,5.0
Jeff Wilson,rush_yds,5.0,-4.0,8.5,9.5,6,,1.0,5.0
Mason Tipton,rush_yds,5.0,-4.0,5.0,4.5,4,NO,1.0,5.0
Quinn Ewers,rush_yds,5.0,0.0,5.0,4.8,4,MIA,1.0,5.0
Rashid Shaheed,rush_yds,5.0,-3.0,7.0,9.8,10,SEA,1.0,5.0
Roschon Johnson,rush_yds,5.0,2.0,5.5,7.8,14,CHI,1.0,5.0
Sam Darnold,rush_yds,5.0,-1.0,3.5,5.7,27,SEA,1.0,5.0
Tahj Brooks,rush_yds,5.0,1.0,6.0,7.5,6,CIN,1.0,5.0
Tez Johnson,rush_yds,5.0,0.0,5.0,5.5,4,TB,1.0,5.0
Amon-Ra St. Brown,rush_yds,4.5,-4.0,4.5,3.8,4,DET,1.0,4.5
Tyler Badie,rush_yds,4.5,-2.0,6.0,15.6,7,DEN,1.0,4.5
DJ Turner,rush_yds,4.0,2.0,4.0,6.6,5,LV,1.0,4.0
Daniel Jones,rush_yds,4.0,1.0,4.0,10.9,23,IND,1.0,4.0
Eric Gray,rush_yds,4.0,-1.0,3.0,3.9,8,NYG,1.0,4.0
Evan Hull,rush_yds,4.0,3.0,7.5,8.0,6,NO,1.0,4.0
Ezekiel Elliott,rush_yds,4.0,1.0,7.0,12.8,15,,1.0,4.0
Geno Smith,rush_yds,4.0,-6.0,5.5,4.3,31,LV,1.0,4.0
Jeremy McNichols,rush_yds,4.0,-2.0,5.0,10.4,29,WAS,1.0,4.0
KaVontae Turpin,rush_yds,4.0,2.0,4.0,8.0,22,DAL,1.0,4.0
Kaleb Johnson,rush_yds,4.0,3.0,4.0,6.9,10,PIT,1.0,4.0
Rashee Rice,rush_yds,4.0,1.0,4.0,5.2,4,KC,1.0,4.0
Ricky Pearsall,rush_yds,4.0,-4.0,4.0,10.8,4,SF,1.0,4.0
Tank Dell,rush_yds,4.0,-6.0,9.5,7.2,6,,1.0,4.0
Christian Watson,rush_yds,3.5,-4.0,3.5,6.5,4,GB,1.0,3.5
DeMario Douglas,rush_yds,3.5,-5.0,4.0,4.1,9,NE,1.0,3.5
JaMycal Hasty,rush_yds,3.5,-2.0,5.0,7.7,9,,1.0,3.5
Adam Prentice,rush_yds,3.0,-1.0,3.0,5.5,8,DEN,1.0,3.0
Alec Ingold,rush_yds,3.0,-2.0,3.0,2.9,9,MIA,1.0,3.0
Cordarrelle Patterson,rush_yds,3.0,-2.0,6.0,11.9,12,,1.0,3.0
Deebo Samuel Sr.,rush_yds,3.0,-3.0,3.0,7.5,22,WAS,1.0,3.0
Desmond Ridder,rush_yds,3.0,2.0,3.0,9.0,4,,1.0,3.0
Jake Browning,rush_yds,3.0,-1.0,2.0,6.2,6,CIN,1.0,3.0
Jakobi Meyers,rush_yds,3.0,1.0,3.0,7.2,5,JAX,1.0,3.0
Jameson Williams,rush_yds,3.0,-5.0,3.5,3.9,15,DET,1.0,3.0
Julius Chestnut,rush_yds,3.0,0.0,3.0,7.1,14,TEN,1.0,3.0
Justice Hill,rush_yds,3.0,1.0,5.0,13.0,23,BAL,1.0,3.0
Luther Burden III,rush_yds,3.0,-1.0,5.0,6.2,6,CHI,1.0,3.0
Mac Jones,rush_yds,3.0,-3.0,3.5,5.4,18,SF,1.0,3.0
Troy Franklin,rush_yds,3.0,-4.0,3.0,3.3,6,DEN,1.0,3.0
Dylan Laube,rush_yds,2.5,0.0,2.5,2.2,4,LV,1.0,2.5
AJ Barner,rush_yds,2.0,1.0,2.0,1.8,8,SEA,1.0,2.0
Brady Cook,rush_yds,2.0,0.0,2.0,9.8,5,NYJ,1.0,2.0
Brock Bowers,rush_yds,2.0,-4.0,2.0,2.1,7,LV,1.0,2.0
C.J. Ham,rush_yds,2.0,1.0,2.0,3.8,4,MIN,1.0,2.0
CeeDee Lamb,rush_yds,2.0,1.0,2.5,7.2,10,DAL,1.0,2.0
Connor Heyward,rush_yds,2.0,0.0,2.5,5.4,8,PIT,1.0,2.0
Derius Davis,rush_yds,2.0,-3.0,2.5,2.7,12,LAC,1.0,2.0
Harold Fannin Jr.,rush_yds,2.0,0.0,2.0,1.9,7,CLE,1.0,2.0
Jared Goff,rush_yds,2.0,-2.0,4.0,4.6,27,DET,1.0,2.0
Jaylin Noel,rush_yds,2.0,-3.0,2.0,2.0,6,HOU,1.0,2.0
Jerome Ford,rush_yds,2.0,-3.0,5.0,9.5,23,CLE,1.0,2.0
Joe Flacco,rush_yds,2.0,-1.0,2.5,3.5,15,CIN,1.0,2.0
Josh Johnson,rush_yds,2.0,-1.0,2.0,11.2,5,WAS,1.0,2.0
Mark Andrews,rush_yds,2.0,0.0,2.0,5.3,10,BAL,1.0,2.0
Michael Burton,rush_yds,2.0,-1.0,2.0,1.6,5,,1.0,2.0
Quentin Johnston,rush_yds,2.0,-2.0,2.0,2.6,5,LAC,1.0,2.0
Rasheen Ali,rush_yds,2.0,-3.0,2.0,7.9,7,BAL,1.0,2.0
Taysom Hill,rush_yds,2.0,-1.0,4.0,11.4,20,NO,1.0,2.0
Tucker Kraft,rush_yds,2.0,2.0,2.0,2.2,4,GB,1.0,2.0
Tyler Warren,rush_yds,2.0,0.0,2.0,1.6,5,IND,1.0,2.0
Wan'Dale Robinson,rush_yds,2.0,0.0,2.5,3.8,6,NYG,1.0,2.0
Will Shipley,rush_yds,2.0,0.0,3.0,11.6,11,PHI,1.0,2.0
Xavier Legette,rush_yds,2.0,0.0,4.0,4.0,6,CAR,1.0,2.0
Andy Dalton,rush_yds,1.0,-2.0,2.0,4.0,8,CAR,1.0,1.0
Chimere Dike,rush_yds,1.0,-7.0,1.0,2.0,9,TEN,1.0,1.0
Curtis Samuel,rush_yds,1.0,-1.0,1.0,2.8,5,BUF,1.0,1.0
Savion Williams,rush_yds,1.0,-1.0,1.0,4.6,8,GB,1.0,1.0
Tanner McKee,rush_yds,1.0,-2.0,-0.5,1.2,6,PHI,1.0,1.0
Tua Tagovailoa,rush_yds,1.0,-1.0,4.0,3.6,20,MIA,1.0,1.0
Clayton Tune,rush_yds,0.0,-6.0,0.0,2.7,7,GB,1.0,0.0
Drew Lock,rush_yds,0.0,-4.0,1.0,14.2,9,SEA,1.0,0.0
Jalen Nailor,rush_yds,0.0,-7.0,0.0,1.8,5,MIN,1.0,0.0
Kyle Juszczyk,rush_yds,0.0,-2.0,1.0,3.3,7,SF,1.0,0.0
Joshua Dobbs,rush_yds,-1.0,-2.0,-0.5,3.2,6,NE,1.0,-1.0
Max Brosmer,rush_yds,-1.0,-3.0,-1.0,2.8,4,MIN,1.0,-1.0
