pulled_at,season,week,slate,events,cost,remaining
2026-09-24T22:16+00:00,2026,3,tnf,1,7,13973
2026-09-24T23:10+00:00,2026,3,tnf,1,7,13966
2026-09-25T17:48+00:00,2026,3,sun,14,98,13474
2026-09-25T22:10+00:00,2026,3,sun,14,98,13376
2026-09-26T19:11+00:00,2026,3,sun,14,196,12449
2026-09-27T17:41+00:00,2026,3,mnf,1,14,11879
2026-09-28T20:03+00:00,2026,3,mnf,1,14,11810
2026-09-28T20:06+00:00,2026,3,mnf,1,14,11796
2026-09-28T23:48+00:00,2026,3,mnf,1,14,11782
2026-09-30T13:39+00:00,2026,4,tnf,1,14,11591
